index,time_window,label,matched_eqs,total_eq,random_offset_days
0,2008-10-23 08:45:23.801,0,[],0,22
1,2008-10-21 12:02:21.131,0,[],0,20
2,2008-10-28 15:20:50.962,0,[],0,27
3,2008-10-16 21:49:48.524,0,[],0,15
4,2008-10-23 01:03:50.898,0,[],0,21
5,2008-10-18 05:58:54.417,0,[],0,16
6,2008-10-15 09:13:50.485,0,[],0,13
7,2008-10-24 12:33:23.574,0,[],0,22
8,2008-10-23 15:50:50.838,0,[],0,21
9,2008-10-25 19:05:49.674,0,[],0,23
10,2008-10-10 22:19:23.734,0,[],0,8
11,2008-10-25 06:28:50.620,0,[],0,22
12,2008-10-17 09:44:23.675,0,[],0,14
13,2008-10-18 13:03:53.975,0,[],0,15
14,2008-10-29 16:20:51.238,1,"[{'lat': -24.034, 'long': -70.105, 'Time': Timestamp('2008-10-30 01:32:40'), 'mag': 5.3}]",1,26
15,2008-10-24 19:35:23.394,0,[],0,21
16,2008-10-24 22:49:23.135,1,"[{'lat': -17.227, 'long': 167.255, 'Time': Timestamp('2008-10-25 19:24:50'), 'mag': 5.7}]",1,21
17,2008-10-30 08:35:50.281,0,[],0,26
18,2008-10-15 11:54:53.349,0,[],0,11
19,2008-10-13 15:12:52.488,0,[],0,9
20,2008-10-18 18:28:23.456,0,[],0,14
21,2008-10-17 21:41:53.509,1,"[{'lat': -21.863, 'long': -173.819, 'Time': Timestamp('2008-10-19 05:10:33'), 'mag': 6.9}]",1,13
22,2008-10-14 00:55:48.328,0,[],0,9
23,2008-10-17 05:50:54.614,0,[],0,12
24,2008-11-01 09:05:50.683,0,[],0,27
25,2008-10-11 12:25:23.750,0,[],0,6
26,2008-10-12 15:42:49.017,0,[],0,7
27,2008-10-15 22:11:49.335,0,[],0,10
28,2008-10-17 01:25:52.278,0,[],0,11
29,2008-10-16 06:20:52.125,0,[],0,10
30,2008-10-18 09:36:16.099,0,[],0,12
31,2008-10-14 12:55:53.151,0,[],0,8
32,2008-10-26 16:12:50.415,0,[],0,20
33,2008-10-15 19:27:53.258,1,"[{'lat': -62.46, 'long': -160.41, 'Time': Timestamp('2008-10-16 00:29:37'), 'mag': 5.1}]",1,9
34,2008-11-03 22:41:23.311,1,"[{'lat': -17.135, 'long': 168.458, 'Time': Timestamp('2008-11-04 18:35:45'), 'mag': 6.3}]",1,28
35,2008-10-12 01:55:50.898,1,"[{'lat': 5.5, 'long': 124.105, 'Time': Timestamp('2008-10-14 01:04:25'), 'mag': 5.3}]",1,5
36,2008-11-05 06:50:54.416,0,[],0,29
37,2008-10-16 10:06:51.924,0,[],0,9
38,2008-10-25 13:26:23.552,0,[],0,18
39,2008-10-17 16:42:54.577,0,[],0,10
40,2008-10-15 19:57:23.659,0,[],0,8
41,2008-11-05 23:11:23.712,1,"[{'lat': -29.855, 'long': -177.441, 'Time': Timestamp('2008-11-06 09:11:05'), 'mag': 5.9}]",1,29
42,2008-10-22 13:14:22.629,0,[],0,12
43,2008-11-08 16:35:20.027,0,[],0,29
44,2008-10-16 19:49:53.975,0,[],0,6
45,2008-10-24 23:03:24.028,0,[],0,14
46,2008-10-29 13:48:23.269,0,[],0,18
47,2008-10-29 17:04:53.323,0,[],0,18
48,2008-10-27 20:19:23.376,0,[],0,16
49,2008-11-03 23:32:53.429,0,[],0,23
50,2008-11-03 07:43:20.984,0,[],0,22
51,2008-10-24 10:57:56.026,0,[],0,12
52,2008-10-21 14:14:49.093,0,[],0,9
53,2008-11-08 20:48:53.776,0,[],0,27
54,2008-11-06 00:02:53.829,1,"[{'lat': -6.043, 'long': 151.272, 'Time': Timestamp('2008-11-07 19:44:17'), 'mag': 5.0}]",1,24
55,2008-10-21 04:57:32.839,0,[],0,8
56,2008-10-29 08:13:50.169,0,[],0,16
57,2008-10-31 11:28:22.890,0,[],0,18
58,2008-10-25 14:48:48.949,0,[],0,12
59,2008-11-06 18:04:54.431,0,[],0,24
60,2008-10-26 21:18:53.178,0,[],0,13
61,2008-10-30 00:32:15.229,0,[],0,16
62,2008-11-11 07:05:26.630,0,[],0,28
63,2008-11-01 10:21:21.818,0,[],0,18
64,2008-11-12 13:36:19.438,0,[],0,29
65,2008-10-21 16:57:23.499,0,[],0,7
66,2008-11-04 20:11:23.552,0,[],0,21
67,2008-10-27 01:02:22.493,1,"[{'lat': 44.938, 'long': 150.747, 'Time': Timestamp('2008-10-28 21:32:34'), 'mag': 5.0}]",1,12
68,2008-11-11 05:57:24.683,1,"[{'lat': 37.539, 'long': 95.84, 'Time': Timestamp('2008-11-11 21:56:01'), 'mag': 5.1}]",1,27
69,2008-10-31 10:51:51.056,0,[],0,16
70,2008-10-26 22:17:53.144,1,"[{'lat': -16.793, 'long': 176.597, 'Time': Timestamp('2008-10-27 23:23:34'), 'mag': 5.3}]",1,11
71,2008-10-26 01:32:20.184,1,"[{'lat': 54.345, 'long': 169.048, 'Time': Timestamp('2008-10-27 21:26:06'), 'mag': 5.4}]",1,10
72,2008-11-14 04:49:22.771,0,[],0,29
73,2008-10-27 08:05:49.510,0,[],0,11
74,2008-11-06 11:20:22.231,0,[],0,21
75,2008-10-30 14:41:20.723,0,[],0,14
76,2008-10-27 17:56:47.350,0,[],0,11
77,2008-10-22 21:10:48.620,0,[],0,6
78,2008-11-11 00:24:52.433,0,[],0,25
79,2008-10-29 06:57:24.092,0,[],0,12
80,2008-11-03 10:13:20.049,0,[],0,17
81,2008-11-17 13:16:23.301,0,[],0,25
82,2008-11-03 16:33:20.787,0,[],0,11
83,2008-11-02 19:47:53.407,0,[],0,10
84,2008-11-18 23:01:53.461,0,[],0,26
85,2008-11-05 12:07:19.880,0,[],0,12
86,2008-10-30 15:25:22.813,0,[],0,6
87,2008-11-03 18:40:46.003,0,[],0,10
88,2008-11-07 21:54:15.051,0,[],0,14
89,2008-11-02 01:08:21.421,0,[],0,8
90,2008-11-07 06:03:26.268,0,[],0,13
91,2008-11-07 09:18:53.776,0,[],0,13
92,2008-11-13 17:33:23.157,0,[],0,19
93,2008-11-13 20:47:20.754,0,[],0,19
94,2008-11-21 00:01:23.262,0,[],0,26
95,2008-11-19 08:14:08.866,0,[],0,24
96,2008-11-21 11:28:53.449,0,[],0,26
97,2008-11-06 14:47:19.709,0,[],0,11
98,2008-11-03 21:15:55.898,0,[],0,8
99,2008-11-23 00:30:50.985,0,[],0,27
100,2008-11-23 10:19:55.018,0,[],0,27
101,2008-11-18 13:38:53.878,0,[],0,22
102,2008-11-07 16:55:23.931,0,[],0,11
103,2008-11-21 20:09:53.985,0,[],0,25
104,2008-11-17 23:23:24.038,1,"[{'lat': -22.168, 'long': -179.717, 'Time': Timestamp('2008-11-19 20:38:58'), 'mag': 5.8}]",1,21
105,2008-11-19 07:33:52.367,0,[],0,22
106,2008-11-10 12:29:53.252,0,[],0,13
107,2008-11-18 15:47:50.515,1,"[{'lat': 8.267, 'long': -82.967, 'Time': Timestamp('2008-11-19 06:11:20'), 'mag': 6.3}]",1,21
108,2008-11-12 19:02:53.359,0,[],0,15
109,2008-11-15 22:16:22.821,0,[],0,18
110,2008-11-23 01:30:21.780,0,[],0,25
111,2008-11-10 06:25:54.394,0,[],0,12
112,2008-11-11 09:41:22.025,0,[],0,13
113,2008-11-07 13:00:23.822,0,[],0,9
114,2008-11-10 22:45:53.982,0,[],0,12
115,2008-11-07 02:00:25.665,0,[],0,8
116,2008-11-09 05:17:32.018,1,"[{'lat': -0.255, 'long': 100.141, 'Time': Timestamp('2008-11-10 08:58:50'), 'mag': 5.1}]",1,10
117,2008-11-21 08:32:21.457,0,[],0,22
118,2008-11-14 11:51:23.197,0,[],0,15
119,2008-11-18 15:09:52.335,1,"[{'lat': -7.796, 'long': -74.431, 'Time': Timestamp('2008-11-19 07:49:53'), 'mag': 5.3}]",1,19
120,2008-11-22 18:24:49.237,0,[],0,23
121,2008-11-13 21:38:51.773,0,[],0,14
122,2008-11-27 00:52:52.272,0,[],0,27
123,2008-11-16 05:47:53.133,1,"[{'lat': 10.833, 'long': 91.711, 'Time': Timestamp('2008-11-16 12:20:36'), 'mag': 5.5}]",1,16
124,2008-11-22 09:02:50.530,0,[],0,22
125,2008-11-11 12:21:53.597,0,[],0,11
126,2008-11-07 15:39:46.096,0,[],0,7
127,2008-11-22 07:56:17.691,0,[],0,21
128,2008-11-26 11:12:53.972,0,[],0,25
129,2008-11-27 14:31:23.881,0,[],0,26
130,2008-11-28 17:47:24.079,0,[],0,27
131,2008-11-10 21:01:23.132,0,[],0,9
132,2008-11-18 00:15:15.183,1,"[{'lat': -19.027, 'long': 169.55, 'Time': Timestamp('2008-11-18 11:12:21'), 'mag': 5.0}, {'lat': -18.897, 'long': 169.48, 'Time': Timestamp('2008-11-18 14:03:15'), 'mag': 5.5}, {'lat': -18.92, 'long': 169.635, 'Time': Timestamp('2008-11-18 14:38:47'), 'mag': 5.3}, {'lat': -19.15, 'long': 169.682, 'Time': Timestamp('2008-11-19 03:10:39'), 'mag': 5.1}]",4,16
133,2008-11-17 05:10:02.195,0,[],0,15
134,2008-11-10 08:26:23.174,0,[],0,8
135,2008-11-28 11:43:23.373,0,[],0,26
136,2008-11-10 15:01:46.977,0,[],0,8
137,2008-11-10 21:30:53.533,0,[],0,8
138,2008-11-17 00:44:52.448,0,[],0,14
139,2008-11-12 07:17:56.986,0,[],0,9
140,2008-11-27 10:34:20.845,0,[],0,24
141,2008-11-14 13:53:23.801,0,[],0,11
142,2008-11-09 22:00:52.127,0,[],0,6
143,2008-12-04 01:14:48.318,1,"[{'lat': 38.567, 'long': 142.89, 'Time': Timestamp('2008-12-04 03:10:55'), 'mag': 5.3}, {'lat': 38.529, 'long': 143.003, 'Time': Timestamp('2008-12-05 20:03:11'), 'mag': 5.5}]",2,30
144,2008-11-22 06:09:56.802,0,[],0,18
145,2008-11-10 09:25:21.548,0,[],0,6
146,2008-11-26 12:44:23.175,0,[],0,22
147,2008-11-27 16:01:49.222,0,[],0,23
148,2008-11-23 19:16:53.283,0,[],0,19
149,2008-11-27 22:30:23.335,0,[],0,23
150,2008-11-24 08:18:16.376,0,[],0,19
151,2008-11-24 11:35:23.549,0,[],0,19
152,2008-11-21 14:53:51.419,1,"[{'lat': 19.49, 'long': -66.325, 'Time': Timestamp('2008-11-23 09:05:20'), 'mag': 5.0}]",1,16
153,2008-11-15 21:23:23.880,0,[],0,10
154,2008-11-11 00:36:45.930,0,[],0,5
155,2008-11-30 07:09:53.237,0,[],0,24
156,2008-11-12 10:26:18.864,0,[],0,6
157,2008-11-14 07:40:20.305,0,[],0,7
158,2008-11-15 10:56:53.360,0,[],0,8
159,2008-11-12 14:15:14.988,0,[],0,5
160,2008-11-25 17:31:53.602,0,[],0,18
161,2008-11-13 20:45:53.656,0,[],0,6
162,2008-11-15 23:59:23.708,1,"[{'lat': -16.839, 'long': 171.998, 'Time': Timestamp('2008-11-17 13:16:35'), 'mag': 5.4}]",1,8
163,2008-11-17 14:45:50.156,0,[],0,9
164,2008-11-30 18:01:24.003,0,[],0,22
165,2008-11-28 21:15:24.056,0,[],0,20
166,2008-11-21 00:29:17.875,0,[],0,12
167,2008-11-20 05:23:55.600,0,[],0,11
168,2008-11-15 08:38:53.242,0,[],0,6
169,2008-12-04 11:57:53.297,0,[],0,25
170,2008-12-08 15:15:49.668,0,[],0,29
171,2008-11-27 18:31:23.405,0,[],0,18
172,2008-11-28 21:44:53.457,1,"[{'lat': -18.701, 'long': -177.716, 'Time': Timestamp('2008-11-29 05:59:16'), 'mag': 6.0}]",1,19
173,2008-12-06 00:58:48.276,0,[],0,26
174,2008-12-06 05:53:54.561,0,[],0,26
175,2008-11-16 09:09:20.630,0,[],0,6
176,2008-11-23 12:28:23.698,0,[],0,13
177,2008-12-09 15:45:50.404,0,[],0,29
178,2008-11-23 19:00:53.805,0,[],0,13
179,2008-11-29 22:14:53.858,0,[],0,19
180,2008-12-08 01:28:52.226,0,[],0,27
181,2008-12-05 06:23:56.168,0,[],0,24
182,2008-11-19 09:39:23.800,0,[],0,8
183,2008-12-11 12:58:53.099,0,[],0,30
184,2008-11-23 16:15:51.691,1,"[{'lat': -36.322, 'long': -73.009, 'Time': Timestamp('2008-11-23 21:19:40'), 'mag': 5.3}]",1,12
185,2008-12-02 19:30:53.206,0,[],0,21
186,2008-11-28 22:44:23.259,0,[],0,17
187,2008-11-20 01:58:50.845,0,[],0,8
188,2008-12-06 06:54:23.035,1,"[{'lat': 43.957, 'long': 86.02, 'Time': Timestamp('2008-12-06 09:24:58'), 'mag': 5.0}, {'lat': 26.99, 'long': 55.8, 'Time': Timestamp('2008-12-07 13:36:21'), 'mag': 5.4}]",2,24
189,2008-12-10 10:10:20.715,0,[],0,28
190,2008-11-20 13:29:23.671,0,[],0,8
191,2008-11-28 23:13:53.830,1,"[{'lat': -30.183, 'long': -177.444, 'Time': Timestamp('2008-11-29 12:46:55'), 'mag': 5.0}]",1,16
192,2008-11-28 07:24:22.156,0,[],0,15
193,2008-11-30 10:40:52.668,0,[],0,17
194,2008-11-18 13:59:24.072,0,[],0,5
195,2008-12-10 18:53:17.706,0,[],0,27
196,2008-12-09 22:06:53.205,0,[],0,26
197,2008-11-25 01:20:51.573,0,[],0,11
198,2008-12-01 06:15:55.515,1,"[{'lat': 27.373, 'long': 88.051, 'Time': Timestamp('2008-12-02 05:11:42'), 'mag': 5.2}]",1,17
199,2008-12-07 09:31:21.818,0,[],0,23
200,2008-11-25 12:50:53.446,0,[],0,11
201,2008-11-24 16:08:22.149,0,[],0,10
202,2008-11-21 19:22:53.553,0,[],0,7
203,2008-12-01 03:30:24.546,0,[],0,16
204,2008-12-03 06:46:23.372,0,[],0,18
205,2008-11-20 10:01:52.219,0,[],0,5
206,2008-11-28 13:21:23.847,0,[],0,13
207,2008-12-03 16:38:23.544,0,[],0,18
208,2008-12-08 19:52:53.954,0,[],0,23
209,2008-12-15 11:56:23.774,0,[],0,23
210,2008-12-05 15:14:22.914,0,[],0,13
211,2008-12-12 18:29:53.882,0,[],0,20
212,2008-12-25 12:49:23.876,0,[],0,28
213,2008-12-13 17:44:23.957,0,[],0,16
214,2008-12-19 20:58:24.010,0,[],0,22
215,2008-12-13 00:11:51.485,0,[],0,15
216,2008-12-24 08:21:17.404,0,[],0,26
217,2008-12-12 11:40:23.251,0,[],0,14
218,2008-12-11 14:58:18.182,0,[],0,13
219,2008-12-26 18:13:53.358,0,[],0,28
220,2008-12-09 02:19:22.240,1,"[{'lat': 15.364, 'long': 144.848, 'Time': Timestamp('2008-12-09 03:54:41'), 'mag': 5.0}]",1,10
221,2008-12-22 12:10:53.652,0,[],0,23
222,2008-12-19 15:28:44.711,0,[],0,20
223,2008-12-05 18:43:49.640,1,"[{'lat': -4.666, 'long': -106.29, 'Time': Timestamp('2008-12-07 08:53:21'), 'mag': 5.1}]",1,6
224,2008-12-07 21:57:23.332,1,"[{'lat': -20.886, 'long': -178.855, 'Time': Timestamp('2008-12-09 18:51:14'), 'mag': 5.7}, {'lat': -20.237, 'long': -178.66, 'Time': Timestamp('2008-12-09 20:08:47'), 'mag': 5.4}]",2,8
225,2008-12-13 01:11:48.196,1,"[{'lat': 39.082, 'long': 144.504, 'Time': Timestamp('2008-12-14 20:29:31'), 'mag': 5.2}, {'lat': -48.981, 'long': 123.398, 'Time': Timestamp('2008-12-13 08:45:36'), 'mag': 5.9}, {'lat': -49.007, 'long': 123.505, 'Time': Timestamp('2008-12-13 08:59:41'), 'mag': 5.4}]",3,13
226,2008-12-10 06:06:52.584,0,[],0,10
227,2008-12-10 09:21:53.753,0,[],0,10
228,2008-12-16 12:41:24.053,1,"[{'lat': -11.628, 'long': -13.412, 'Time': Timestamp('2008-12-16 17:26:29'), 'mag': 5.0}]",1,16
229,2008-12-05 22:27:23.212,0,[],0,5
230,2008-12-21 06:36:54.195,0,[],0,20
231,2008-12-13 09:52:21.826,0,[],0,12
232,2008-12-18 13:11:53.454,0,[],0,17
233,2008-12-15 16:28:49.501,0,[],0,14
234,2008-12-31 19:43:23.561,0,[],0,30
235,2008-12-15 22:56:53.614,0,[],0,14
236,2008-12-17 07:06:57.040,0,[],0,15
237,2008-12-08 15:20:51.639,0,[],0,6
238,2008-12-24 18:35:49.817,0,[],0,22
239,2008-12-17 21:49:50.852,0,[],0,15
240,2008-12-30 01:03:51.575,1,"[{'lat': -10.619, 'long': 161.162, 'Time': Timestamp('2008-12-30 17:43:51'), 'mag': 5.4}]",1,27
241,2008-12-19 05:58:55.421,0,[],0,16
242,2008-12-28 09:13:50.162,1,"[{'lat': 40.39, 'long': 25.78, 'Time': Timestamp('2008-12-28 22:58:59'), 'mag': 5.2}]",1,25
243,2008-12-31 12:33:23.432,0,[],0,28
244,2008-12-14 22:19:23.592,0,[],0,11
245,2008-12-14 06:28:50.479,0,[],0,10
246,2008-12-12 09:44:22.206,0,[],0,8
247,2009-01-02 13:03:53.834,0,[],0,29
248,2009-01-02 16:20:51.097,0,[],0,29
249,2008-12-24 19:35:24.253,1,"[{'lat': 49.128, 'long': -128.621, 'Time': Timestamp('2008-12-25 08:11:58'), 'mag': 5.8}]",1,20
250,2008-12-30 22:49:23.993,0,[],0,26
251,2008-12-15 08:35:50.140,0,[],0,10
252,2008-12-31 11:54:53.207,0,[],0,26
253,2008-12-24 15:12:52.347,0,[],0,19
254,2008-12-11 18:28:23.315,0,[],0,6
255,2008-12-17 21:41:53.367,0,[],0,12
256,2008-12-13 00:55:48.186,0,[],0,7
257,2008-12-20 05:50:54.472,1,"[{'lat': 22.746, 'long': 95.898, 'Time': Timestamp('2008-12-20 23:22:48'), 'mag': 5.3}, {'lat': 35.962, 'long': 71.407, 'Time': Timestamp('2008-12-21 22:38:29'), 'mag': 5.0}]",2,14
258,2008-12-17 09:05:50.541,0,[],0,11
259,2008-12-15 12:25:23.608,0,[],0,9
260,2008-12-24 15:42:51.642,0,[],0,18
261,2008-12-22 18:57:53.716,0,[],0,16
262,2008-12-24 22:11:52.073,1,"[{'lat': -18.339, 'long': 176.779, 'Time': Timestamp('2008-12-25 00:10:47'), 'mag': 5.5}]",1,18
263,2008-12-16 01:25:50.809,0,[],0,9
264,2008-12-16 06:20:56.201,0,[],0,9
265,2008-12-20 09:36:16.958,0,[],0,13
266,2008-12-21 12:55:54.010,0,[],0,14
267,2009-01-05 22:41:23.170,0,[],0,29
268,2008-12-24 08:27:51.645,0,[],0,16
269,2008-12-25 11:46:53.384,0,[],0,17
270,2008-12-30 15:04:55.179,1,"[{'lat': -8.823, 'long': -75.872, 'Time': Timestamp('2008-12-31 21:23:42'), 'mag': 5.0}]",1,22
271,2009-01-03 18:20:19.373,1,"[{'lat': -58.331, 'long': -139.855, 'Time': Timestamp('2009-01-04 17:46:34'), 'mag': 5.2}]",1,26
272,2008-12-14 21:33:24.616,1,"[{'lat': -31.284, 'long': -176.85, 'Time': Timestamp('2008-12-16 20:31:55'), 'mag': 5.1}]",1,6
273,2008-12-28 00:48:21.131,1,"[{'lat': 48.284, 'long': 154.365, 'Time': Timestamp('2008-12-28 13:31:36'), 'mag': 5.4}, {'lat': 48.225, 'long': 154.384, 'Time': Timestamp('2008-12-28 18:03:38'), 'mag': 5.0}, {'lat': 48.289, 'long': 154.292, 'Time': Timestamp('2008-12-28 21:40:16'), 'mag': 5.4}, {'lat': 48.248, 'long': 154.283, 'Time': Timestamp('2008-12-28 22:39:45'), 'mag': 5.0}]",4,19
274,2009-01-05 07:21:21.896,0,[],0,27
275,2009-01-05 10:37:22.184,0,[],0,27
276,2008-12-22 13:56:22.005,0,[],0,13
277,2009-01-06 17:12:53.865,0,[],0,28
278,2009-01-06 20:26:53.918,1,"[{'lat': -57.196, 'long': -143.039, 'Time': Timestamp('2009-01-07 17:29:56'), 'mag': 5.2}]",1,28
279,2009-01-07 23:40:53.972,0,[],0,29
280,2008-12-29 09:28:21.732,0,[],0,19
281,2008-12-25 12:47:53.360,0,[],0,15
282,2009-01-08 22:33:23.519,0,[],0,29
283,2009-01-08 01:47:47.233,0,[],0,28
284,2009-01-03 06:43:27.392,0,[],0,23
285,2008-12-27 09:58:52.132,0,[],0,16
286,2008-12-24 13:18:23.761,0,[],0,13
287,2008-12-22 16:35:23.814,0,[],0,11
288,2008-12-20 19:49:23.867,0,[],0,9
289,2009-01-09 23:03:23.920,0,[],0,29
290,2008-12-20 02:17:52.723,0,[],0,8
291,2008-12-20 07:13:27.346,0,[],0,8
292,2008-12-19 10:29:20.205,1,"[{'lat': -31.193, 'long': -13.338, 'Time': Timestamp('2008-12-20 21:05:16'), 'mag': 5.8}, {'lat': -31.12, 'long': -13.419, 'Time': Timestamp('2008-12-20 22:13:48'), 'mag': 5.4}]",2,7
293,2009-01-08 13:48:23.162,0,[],0,27
294,2008-12-28 17:05:23.215,0,[],0,16
295,2009-01-06 20:19:23.269,1,"[{'lat': -57.196, 'long': -143.039, 'Time': Timestamp('2009-01-07 17:29:56'), 'mag': 5.2}]",1,25
296,2009-01-04 23:32:53.321,0,[],0,23
297,2008-12-21 07:43:17.551,1,"[{'lat': 35.962, 'long': 71.407, 'Time': Timestamp('2008-12-21 22:38:29'), 'mag': 5.0}]",1,8
298,2009-01-05 10:59:50.607,0,[],0,23
299,2009-01-01 22:25:53.695,0,[],0,19
300,2009-01-05 01:41:54.597,0,[],0,22
301,2008-12-28 06:35:28.896,0,[],0,14
302,2008-12-29 09:50:52.309,0,[],0,15
303,2008-12-19 13:10:23.937,0,[],0,5
304,2008-12-27 16:27:23.990,0,[],0,13
305,2009-01-09 19:41:54.043,0,[],0,26
306,2008-12-20 22:55:23.096,0,[],0,6
307,2008-12-20 08:42:18.915,0,[],0,5
308,2008-12-29 12:01:23.311,0,[],0,14
309,2009-01-12 15:19:25.218,0,[],0,28
310,2009-01-08 18:34:23.418,1,"[{'lat': -56.219, 'long': -142.911, 'Time': Timestamp('2009-01-10 06:10:19'), 'mag': 5.1}]",1,24
311,2008-12-23 21:47:24.542,0,[],0,8
312,2008-12-26 01:02:21.057,0,[],0,10
313,2009-01-04 05:57:24.575,1,"[{'lat': 36.442, 'long': 70.883, 'Time': Timestamp('2009-01-04 23:12:59'), 'mag': 5.7}]",1,19
314,2008-12-24 09:12:20.645,0,[],0,8
315,2008-12-30 12:31:53.712,0,[],0,14
316,2009-01-09 15:49:21.199,0,[],0,24
317,2008-12-26 19:04:19.812,0,[],0,10
318,2009-01-12 22:17:54.832,0,[],0,27
319,2009-01-16 01:32:20.911,0,[],0,30
320,2009-01-08 06:27:26.885,0,[],0,22
321,2009-01-03 13:02:23.282,0,[],0,17
322,2008-12-24 22:47:53.442,0,[],0,7
323,2008-12-30 06:57:24.547,0,[],0,12
324,2009-01-06 10:13:24.823,0,[],0,19
325,2009-01-15 13:32:53.683,1,"[{'lat': 14.487, 'long': -45.058, 'Time': Timestamp('2009-01-16 22:13:59'), 'mag': 5.4}]",1,28
326,2009-01-07 16:49:23.737,0,[],0,20
327,2008-12-26 20:03:53.790,0,[],0,8
328,2009-01-13 23:17:23.842,1,"[{'lat': -10.334, 'long': 161.211, 'Time': Timestamp('2009-01-15 16:15:01'), 'mag': 5.7}]",1,26
329,2009-01-17 07:27:52.169,0,[],0,29
330,2008-12-30 10:44:21.128,0,[],0,11
331,2008-12-29 14:02:53.084,0,[],0,10
332,2008-12-29 17:19:23.138,0,[],0,10
333,2009-01-07 20:33:23.191,0,[],0,19
334,2009-01-07 01:24:21.585,0,[],0,18
335,2009-01-09 17:49:23.539,0,[],0,20
336,2009-01-01 21:03:19.128,0,[],0,12
337,2009-01-18 00:16:51.067,0,[],0,28
338,2009-01-01 03:33:54.111,1,"[{'lat': -4.332, 'long': 101.298, 'Time': Timestamp('2009-01-01 16:57:53'), 'mag': 5.5}, {'lat': -4.326, 'long': 101.236, 'Time': Timestamp('2009-01-01 18:37:24'), 'mag': 5.3}]",2,11
339,2009-01-02 06:49:53.395,0,[],0,12
340,2009-01-08 10:05:55.000,0,[],0,18
341,2009-01-07 13:24:53.859,0,[],0,17
342,2009-01-12 23:09:54.019,1,"[{'lat': -22.79, 'long': -175.211, 'Time': Timestamp('2009-01-13 10:38:18'), 'mag': 5.0}]",1,22
343,2009-01-01 02:24:22.822,0,[],0,10
344,2009-01-07 07:19:51.345,0,[],0,16
345,2009-01-14 10:36:20.305,0,[],0,23
346,2009-01-08 13:55:24.221,0,[],0,17
347,2009-01-13 17:11:23.314,0,[],0,22
348,2008-12-29 20:25:53.367,0,[],0,7
349,2009-01-18 23:39:23.420,0,[],0,27
350,2008-12-31 07:49:47.650,0,[],0,8
351,2008-12-28 17:41:23.715,0,[],0,5
352,2009-01-17 20:53:57.273,0,[],0,25
353,2009-01-14 00:09:23.821,0,[],0,21
354,2009-01-10 05:04:02.831,1,"[{'lat': -1.59, 'long': 99.726, 'Time': Timestamp('2009-01-11 19:50:46'), 'mag': 5.0}]",1,17
355,2009-01-07 08:20:26.467,0,[],0,14
356,2008-12-30 11:37:23.181,0,[],0,6
357,2009-01-02 14:55:50.880,0,[],0,9
358,2009-01-06 18:11:23.289,0,[],0,13
359,2009-01-20 21:24:53.341,0,[],0,27
360,2009-01-04 00:38:50.716,1,"[{'lat': 19.965, 'long': 147.009, 'Time': Timestamp('2009-01-04 20:39:14'), 'mag': 5.0}]",1,10
361,2009-01-21 07:11:52.698,0,[],0,27
362,2009-01-09 10:28:19.325,0,[],0,15
363,2009-01-09 13:47:23.609,0,[],0,15
364,2009-01-09 17:03:53.662,0,[],0,15
365,2009-01-07 20:17:53.715,0,[],0,13
366,2009-01-06 23:31:53.769,1,"[{'lat': -20.707, 'long': -179.224, 'Time': Timestamp('2009-01-07 16:25:33'), 'mag': 5.6}]",1,12
367,2009-01-25 07:42:20.767,1,"[{'lat': 38.181, 'long': 72.241, 'Time': Timestamp('2009-01-25 21:16:18'), 'mag': 5.0}]",1,30
368,2009-01-21 19:10:50.524,0,[],0,26
369,2009-01-25 22:24:21.335,0,[],0,30
370,2009-01-04 01:38:50.183,0,[],0,8
371,2009-01-21 06:33:55.576,0,[],0,25
372,2009-01-11 09:49:50.429,0,[],0,15
373,2009-01-20 13:08:53.384,0,[],0,24
374,2009-01-23 16:25:53.438,0,[],0,27
375,2009-01-16 19:40:23.491,0,[],0,20
376,2009-01-18 22:54:23.544,0,[],0,22
377,2009-01-02 07:03:58.299,0,[],0,5
378,2009-01-13 10:20:23.598,0,[],0,16
379,2009-01-25 13:39:23.785,0,[],0,28
380,2009-01-24 23:23:53.945,1,"[{'lat': -17.796, 'long': -178.591, 'Time': Timestamp('2009-01-26 11:54:39'), 'mag': 5.8}]",1,27
381,2009-01-21 07:34:21.271,0,[],0,23
382,2009-01-24 10:50:50.231,0,[],0,26
383,2009-01-26 14:09:45.954,0,[],0,28
384,2009-01-17 17:25:53.240,0,[],0,19
385,2009-01-09 20:39:53.293,0,[],0,11
386,2009-01-05 23:53:53.346,0,[],0,7
387,2009-01-14 08:04:21.672,0,[],0,15
388,2009-01-24 02:00:55.403,0,[],0,24
389,2009-01-25 06:56:23.497,0,[],0,25
390,2009-01-18 10:42:50.579,1,"[{'lat': -39.25, 'long': -15.25, 'Time': Timestamp('2009-01-19 08:59:28'), 'mag': 5.0}, {'lat': -38.945, 'long': -15.764, 'Time': Timestamp('2009-01-19 09:11:33'), 'mag': 5.1}, {'lat': -38.794, 'long': -15.88, 'Time': Timestamp('2009-01-19 09:19:06'), 'mag': 5.1}, {'lat': -38.958, 'long': -15.705, 'Time': Timestamp('2009-01-19 10:27:12'), 'mag': 5.4}, {'lat': -38.968, 'long': -15.858, 'Time': Timestamp('2009-01-19 10:37:50'), 'mag': 5.3}, {'lat': -39.012, 'long': -15.868, 'Time': Timestamp('2009-01-19 15:10:21'), 'mag': 5.1}]",6,17
391,2009-01-06 14:01:53.535,0,[],0,5
392,2009-01-27 17:17:53.589,0,[],0,26
393,2009-01-14 20:32:23.642,0,[],0,13
394,2009-01-27 23:45:53.695,0,[],0,26
395,2009-01-27 07:56:50.693,0,[],0,25
396,2009-01-23 11:13:23.883,0,[],0,21
397,2009-01-12 14:31:53.792,1,"[{'lat': -29.549, 'long': -71.224, 'Time': Timestamp('2009-01-13 17:17:13'), 'mag': 5.1}]",1,10
398,2009-01-27 17:47:53.990,0,[],0,25
399,2009-01-07 21:01:54.043,0,[],0,5
400,2009-01-29 00:15:49.190,0,[],0,26
401,2009-01-22 05:10:32.105,0,[],0,19
402,2009-01-19 08:26:55.752,0,[],0,16
403,2009-01-21 11:43:53.283,0,[],0,18
404,2009-01-11 15:02:25.079,0,[],0,8
405,2009-01-12 18:17:53.391,0,[],0,9
406,2009-01-18 21:31:23.444,0,[],0,15
407,2009-01-09 00:45:22.359,0,[],0,5
408,2009-01-13 07:18:21.796,0,[],0,9
409,2009-01-16 10:34:50.756,0,[],0,12
410,2009-01-29 13:53:54.672,0,[],0,25
411,2009-01-14 23:38:23.871,0,[],0,10
412,2009-02-02 07:48:50.869,1,"[{'lat': 27.228, 'long': 66.322, 'Time': Timestamp('2009-02-02 08:36:51'), 'mag': 5.1}, {'lat': -3.895, 'long': 34.853, 'Time': Timestamp('2009-02-03 15:48:53'), 'mag': 5.1}]",2,28
413,2009-01-20 11:05:24.059,0,[],0,15
414,2009-02-01 14:23:52.982,0,[],0,27
415,2009-01-19 17:40:23.292,0,[],0,14
416,2009-01-31 20:53:53.345,0,[],0,26
417,2009-02-02 00:07:53.397,1,"[{'lat': -19.05, 'long': 169.493, 'Time': Timestamp('2009-02-03 00:07:10'), 'mag': 5.3}]",1,27
418,2009-01-24 08:18:57.371,0,[],0,18
419,2009-01-17 11:35:53.585,0,[],0,11
420,2009-01-22 14:54:22.612,0,[],0,16
421,2009-02-01 18:09:53.692,0,[],0,26
422,2009-02-06 07:10:57.198,0,[],0,30
423,2009-01-13 10:26:51.106,0,[],0,6
424,2009-01-27 13:45:54.063,0,[],0,20
425,2009-01-25 23:30:23.222,1,"[{'lat': -17.796, 'long': -178.591, 'Time': Timestamp('2009-01-26 11:54:39'), 'mag': 5.8}, {'lat': -17.837, 'long': -178.677, 'Time': Timestamp('2009-01-27 06:29:13'), 'mag': 5.9}]",2,18
426,2009-01-24 07:40:47.452,1,"[{'lat': 38.181, 'long': 72.241, 'Time': Timestamp('2009-01-25 21:16:18'), 'mag': 5.0}]",1,16
427,2009-01-17 10:57:36.891,0,[],0,9
428,2009-01-23 14:16:17.672,0,[],0,15
429,2009-01-21 17:32:23.517,0,[],0,13
430,2009-01-13 20:46:23.570,0,[],0,5
431,2009-01-17 00:00:23.623,0,[],0,8
432,2009-01-24 08:09:20.509,0,[],0,15
433,2009-02-02 11:27:53.810,0,[],0,24
434,2009-01-22 14:46:20.071,0,[],0,13
435,2009-01-30 18:02:23.918,0,[],0,21
436,2009-01-26 02:07:21.584,1,"[{'lat': -11.379, 'long': 117.55, 'Time': Timestamp('2009-01-27 00:57:35'), 'mag': 5.1}]",1,16
437,2009-01-19 07:02:56.424,1,"[{'lat': -20.175, 'long': 66.411, 'Time': Timestamp('2009-01-21 06:27:57'), 'mag': 5.2}]",1,9
438,2009-01-24 10:18:54.379,0,[],0,14
439,2009-02-09 13:37:53.238,0,[],0,30
440,2009-01-15 16:54:53.293,0,[],0,5
441,2009-02-05 20:08:53.346,0,[],0,26
442,2009-01-28 23:22:52.808,0,[],0,18
443,2009-01-29 07:32:50.285,0,[],0,18
444,2009-02-08 10:49:19.010,0,[],0,28
445,2009-01-17 14:08:17.848,0,[],0,6
446,2009-01-20 23:52:23.799,0,[],0,9
447,2009-02-07 04:47:02.808,0,[],0,26
448,2009-02-08 08:03:16.702,0,[],0,27
449,2009-01-20 11:19:53.987,0,[],0,8
450,2009-02-07 14:38:52.679,0,[],0,26
451,2009-02-06 17:54:23.095,0,[],0,25
452,2009-02-03 21:08:23.147,0,[],0,22
453,2009-01-22 00:22:17.966,0,[],0,9
454,2009-02-11 05:16:55.692,0,[],0,29
455,2009-02-04 08:33:24.529,0,[],0,22
456,2009-02-06 11:50:53.388,0,[],0,24
457,2009-02-05 15:08:52.527,0,[],0,23
458,2009-01-24 18:24:23.495,0,[],0,11
459,2009-02-10 07:24:55.997,0,[],0,27
460,2009-01-30 10:41:25.133,0,[],0,16
461,2009-02-13 14:00:23.993,0,[],0,30
462,2009-01-19 23:44:53.153,0,[],0,5
463,2009-02-04 09:32:16.315,0,[],0,20
464,2009-02-03 12:51:53.367,0,[],0,19
465,2009-02-12 16:08:53.421,0,[],0,28
466,2009-01-25 19:23:53.474,0,[],0,10
467,2009-01-31 22:37:23.526,0,[],0,16
468,2009-02-13 01:51:51.113,1,"[{'lat': 3.744, 'long': 126.732, 'Time': Timestamp('2009-02-13 02:24:22'), 'mag': 5.3}, {'lat': 3.747, 'long': 126.609, 'Time': Timestamp('2009-02-13 03:28:55'), 'mag': 5.0}, {'lat': 3.988, 'long': 126.606, 'Time': Timestamp('2009-02-13 06:28:42'), 'mag': 5.0}, {'lat': 3.65, 'long': 126.622, 'Time': Timestamp('2009-02-13 07:56:06'), 'mag': 5.2}, {'lat': 3.97, 'long': 126.82, 'Time': Timestamp('2009-02-13 11:31:49'), 'mag': 5.0}, {'lat': 3.754, 'long': 126.683, 'Time': Timestamp('2009-02-13 12:37:51'), 'mag': 5.6}, {'lat': 4.139, 'long': 126.769, 'Time': Timestamp('2009-02-13 14:38:30'), 'mag': 5.0}, {'lat': 3.643, 'long': 126.842, 'Time': Timestamp('2009-02-13 16:49:12'), 'mag': 5.3}, {'lat': 3.776, 'long': 126.461, 'Time': Timestamp('2009-02-13 21:26:36'), 'mag': 5.4}, {'lat': 4.182, 'long': 126.747, 'Time': Timestamp('2009-02-14 05:30:10'), 'mag': 5.0}]",10,28
469,2009-02-15 06:46:54.632,0,[],0,30
470,2009-01-22 10:02:52.140,0,[],0,6
471,2009-01-29 13:21:53.768,0,[],0,13
472,2009-02-01 16:38:53.821,1,"[{'lat': -13.582, 'long': -76.558, 'Time': Timestamp('2009-02-02 17:53:21'), 'mag': 6.0}]",1,16
473,2009-02-04 19:53:23.874,0,[],0,19
474,2009-01-27 23:06:53.928,0,[],0,11
475,2009-01-24 07:17:22.254,1,"[{'lat': 43.236, 'long': 80.893, 'Time': Timestamp('2009-01-25 01:47:47'), 'mag': 5.1}]",1,7
476,2009-02-04 10:33:16.664,0,[],0,18
477,2009-02-07 13:52:25.134,0,[],0,21
478,2009-02-06 18:46:12.926,1,"[{'lat': -29.784, 'long': -111.941, 'Time': Timestamp('2009-02-08 06:34:30'), 'mag': 5.3}, {'lat': -57.25, 'long': -143.25, 'Time': Timestamp('2009-02-06 19:37:28'), 'mag': 5.2}]",2,20
479,2009-02-05 07:47:21.654,0,[],0,18
480,2009-01-28 11:03:53.516,0,[],0,10
481,2009-02-02 14:22:52.097,0,[],0,15
482,2009-01-24 17:38:53.623,1,"[{'lat': -22.967, 'long': -114.471, 'Time': Timestamp('2009-01-26 14:34:19'), 'mag': 5.1}]",1,6
483,2009-02-15 01:43:52.506,1,"[{'lat': 3.974, 'long': 126.714, 'Time': Timestamp('2009-02-15 04:40:33'), 'mag': 5.1}, {'lat': 4.025, 'long': 126.618, 'Time': Timestamp('2009-02-15 16:16:52'), 'mag': 5.0}]",2,27
484,2009-01-28 05:00:57.426,0,[],0,9
485,2009-02-10 08:15:50.727,0,[],0,22
486,2009-02-07 11:34:53.918,0,[],0,19
487,2009-02-18 14:52:52.944,0,[],0,30
488,2009-02-07 18:08:54.025,0,[],0,19
489,2009-02-06 15:23:21.130,0,[],0,17
490,2009-02-03 18:38:19.308,0,[],0,14
491,2009-02-09 21:52:24.438,1,"[{'lat': -20.775, 'long': -177.298, 'Time': Timestamp('2009-02-11 09:31:04'), 'mag': 5.5}]",1,20
492,2009-02-13 01:06:21.065,0,[],0,23
493,2009-02-18 06:01:25.911,0,[],0,28
494,2009-02-01 09:16:19.324,0,[],0,11
495,2009-02-12 12:35:53.897,0,[],0,22
496,2009-01-27 06:31:25.490,0,[],0,5
497,2009-02-16 09:46:51.671,0,[],0,25
498,2009-02-03 13:06:23.299,0,[],0,12
499,2009-02-10 16:23:23.352,0,[],0,19
500,2009-02-05 19:37:53.718,0,[],0,14
501,2009-02-08 22:51:53.458,0,[],0,17
502,2009-02-06 08:38:19.277,0,[],0,14
503,2009-02-12 11:57:23.673,0,[],0,20
504,2009-02-06 15:15:22.811,0,[],0,14
505,2009-01-30 18:30:49.662,0,[],0,7
506,2009-02-06 07:31:54.953,0,[],0,13
507,2009-02-23 10:48:25.240,0,[],0,30
508,2009-02-09 14:06:50.411,0,[],0,16
509,2009-02-06 17:23:23.154,1,"[{'lat': -29.784, 'long': -111.941, 'Time': Timestamp('2009-02-08 06:34:30'), 'mag': 5.3}]",1,13
510,2009-02-03 20:37:19.413,0,[],0,10
511,2009-02-04 23:51:20.682,0,[],0,11
512,2009-01-31 11:18:48.214,0,[],0,6
513,2009-02-23 14:37:22.141,0,[],0,29
514,2009-02-02 21:06:53.608,0,[],0,8
515,2009-02-21 00:20:50.983,0,[],0,26
516,2009-02-25 10:09:22.248,0,[],0,30
517,2009-02-12 13:28:53.876,0,[],0,17
518,2009-02-07 16:45:23.929,0,[],0,12
519,2009-02-04 19:59:53.982,0,[],0,9
520,2009-02-11 23:13:54.036,0,[],0,16
521,2009-02-19 07:23:51.361,0,[],0,23
522,2009-02-01 10:40:21.873,0,[],0,5
523,2009-02-22 13:58:53.277,0,[],0,26
524,2009-02-23 17:15:23.330,1,"[{'lat': 8.181, 'long': -103.778, 'Time': Timestamp('2009-02-24 07:05:36'), 'mag': 5.2}]",1,27
525,2009-02-18 20:29:23.383,0,[],0,22
526,2009-02-01 23:43:23.437,0,[],0,5
527,2009-02-23 20:59:23.963,0,[],0,26
528,2009-02-05 00:13:16.013,0,[],0,7
529,2009-02-28 05:08:02.025,0,[],0,30
530,2009-02-03 08:24:23.005,0,[],0,5
531,2009-02-21 11:41:23.203,0,[],0,23
532,2009-02-06 14:59:50.903,0,[],0,8
533,2009-02-16 18:15:23.310,0,[],0,18
534,2009-02-11 21:28:53.364,0,[],0,13
535,2009-02-26 00:42:52.279,0,[],0,27
536,2009-02-16 07:15:56.816,0,[],0,17
537,2009-02-28 10:32:19.348,0,[],0,29
538,2009-02-12 13:51:23.631,0,[],0,13
539,2009-02-08 17:07:53.685,1,"[{'lat': -2.532, 'long': -78.893, 'Time': Timestamp('2009-02-08 20:49:24'), 'mag': 5.0}, {'lat': -6.757, 'long': -80.89, 'Time': Timestamp('2009-02-08 21:23:17'), 'mag': 5.1}, {'lat': -6.567, 'long': -81.15, 'Time': Timestamp('2009-02-09 14:09:02'), 'mag': 6.0}]",3,9
540,2009-02-20 20:21:53.738,0,[],0,21
541,2009-02-20 23:35:23.790,0,[],0,21
542,2009-02-26 07:46:20.789,0,[],0,26
543,2009-02-10 11:02:53.844,0,[],0,10
544,2009-02-06 14:21:25.104,0,[],0,6
545,2009-02-17 17:37:23.086,0,[],0,17
546,2009-02-17 06:37:51.613,1,"[{'lat': 30.667, 'long': 83.857, 'Time': Timestamp('2009-02-18 10:11:43'), 'mag': 5.1}]",1,16
547,2009-02-19 09:53:50.450,0,[],0,18
548,2009-02-22 13:12:53.819,1,"[{'lat': -0.255, 'long': -18.315, 'Time': Timestamp('2009-02-24 00:46:40'), 'mag': 5.2}]",1,21
549,2009-02-16 22:57:48.332,0,[],0,15
550,2009-02-11 07:07:56.993,0,[],0,9
551,2009-02-12 10:24:19.523,0,[],0,10
552,2009-03-03 13:43:23.808,0,[],0,29
553,2009-02-19 16:59:53.862,0,[],0,17
554,2009-03-01 20:13:53.915,0,[],0,27
555,2009-02-13 23:27:53.967,0,[],0,11
556,2009-02-15 07:38:25.390,0,[],0,12
557,2009-02-26 10:54:50.253,0,[],0,23
558,2009-02-22 14:13:14.649,0,[],0,19
559,2009-02-08 17:29:53.262,0,[],0,5
560,2009-02-13 20:43:53.316,0,[],0,10
561,2009-02-17 23:57:23.368,0,[],0,14
562,2009-02-21 08:08:25.791,0,[],0,17
563,2009-02-12 11:25:23.738,0,[],0,8
564,2009-02-27 14:43:51.326,0,[],0,23
565,2009-02-11 21:13:23.898,0,[],0,7
566,2009-02-16 00:27:21.273,1,"[{'lat': -18.851, 'long': 168.854, 'Time': Timestamp('2009-02-17 19:21:30'), 'mag': 5.0}]",1,11
567,2009-02-10 08:36:50.071,0,[],0,5
568,2009-02-22 11:55:53.140,0,[],0,17
569,2009-02-15 15:13:49.510,0,[],0,10
570,2009-02-23 18:29:23.247,0,[],0,18
571,2009-02-19 21:43:23.300,1,"[{'lat': -18.365, 'long': -178.749, 'Time': Timestamp('2009-02-20 01:46:17'), 'mag': 5.6}]",1,14
572,2009-02-22 00:57:20.886,0,[],0,16
573,2009-02-14 05:51:54.404,0,[],0,8
574,2009-03-04 09:07:20.472,0,[],0,26
575,2009-02-22 12:26:23.540,0,[],0,16
576,2009-02-27 15:44:18.918,0,[],0,21
577,2009-02-14 18:59:23.647,0,[],0,8
578,2009-02-20 22:12:53.701,0,[],0,14
579,2009-02-18 01:26:52.068,0,[],0,11
580,2009-02-24 06:22:24.805,0,[],0,17
581,2009-02-18 12:56:53.941,0,[],0,11
582,2009-02-17 16:14:23.996,0,[],0,10
583,2009-02-26 00:19:23.217,0,[],0,18
584,2009-02-22 05:14:32.137,1,"[{'lat': 0.479, 'long': 98.548, 'Time': Timestamp('2009-02-23 05:56:31'), 'mag': 5.4}]",1,14
585,2009-02-17 08:30:54.456,0,[],0,9
586,2009-03-08 11:47:53.316,0,[],0,28
587,2009-03-03 15:06:22.454,0,[],0,23
588,2009-02-26 21:35:23.476,1,"[{'lat': -27.121, 'long': -176.135, 'Time': Timestamp('2009-02-27 19:08:32'), 'mag': 5.1}]",1,18
589,2009-02-19 00:49:22.391,0,[],0,10
590,2009-03-04 05:44:24.580,1,"[{'lat': 15.577, 'long': 95.993, 'Time': Timestamp('2009-03-05 15:49:52'), 'mag': 5.1}]",1,23
591,2009-03-04 08:59:20.649,0,[],0,23
592,2009-02-28 12:18:20.257,0,[],0,19
593,2009-02-25 15:36:25.735,0,[],0,16
594,2009-02-20 18:51:13.612,0,[],0,11
595,2009-03-06 22:04:48.977,0,[],0,25
596,2009-02-27 01:19:21.575,1,"[{'lat': -5.552, 'long': 130.989, 'Time': Timestamp('2009-02-27 12:48:07'), 'mag': 5.0}]",1,17
597,2009-02-17 06:14:22.436,0,[],0,7
598,2009-02-15 09:29:47.065,1,"[{'lat': -3.949, 'long': 34.843, 'Time': Timestamp('2009-02-16 08:24:21'), 'mag': 5.0}, {'lat': 37.13, 'long': 20.78, 'Time': Timestamp('2009-02-16 23:16:38'), 'mag': 5.5}]",2,5
599,2009-02-16 12:48:53.118,0,[],0,6
600,2009-03-05 16:06:23.172,0,[],0,23
601,2009-02-22 19:21:23.225,0,[],0,12
602,2009-02-18 22:34:53.277,0,[],0,8
603,2009-02-28 06:44:24.382,0,[],0,17
604,2009-02-23 10:00:20.747,0,[],0,12
605,2009-02-18 13:19:23.703,0,[],0,7
606,2009-02-20 16:36:23.757,0,[],0,9
607,2009-02-28 19:50:53.810,0,[],0,17
608,2009-03-06 23:04:23.863,0,[],0,23
609,2009-02-26 07:14:57.289,0,[],0,14
610,2009-02-26 10:30:49.820,0,[],0,14
611,2009-02-23 13:49:51.297,0,[],0,11
612,2009-03-06 17:06:23.158,0,[],0,22
613,2009-02-23 20:20:23.210,0,[],0,11
614,2009-02-26 23:34:23.264,1,"[{'lat': -16.764, 'long': 177.171, 'Time': Timestamp('2009-02-28 21:18:53'), 'mag': 5.1}]",1,14
615,2009-02-21 07:44:59.782,0,[],0,8
616,2009-03-12 12:40:53.479,0,[],0,27
617,2009-03-02 15:58:50.965,0,[],0,17
618,2009-02-28 19:13:19.691,0,[],0,15
619,2009-03-12 22:26:53.638,0,[],0,27
620,2009-03-12 01:41:17.017,0,[],0,26
621,2009-03-16 06:36:23.415,0,[],0,30
622,2009-03-15 09:52:22.251,0,[],0,29
623,2009-02-21 13:11:23.880,0,[],0,7
624,2009-03-12 16:28:53.934,0,[],0,26
625,2009-02-23 19:43:23.987,0,[],0,9
626,2009-03-11 22:56:54.039,0,[],0,25
627,2009-02-28 02:11:21.842,0,[],0,13
628,2009-02-23 07:06:56.466,0,[],0,8
629,2009-03-12 10:22:50.325,0,[],0,25
630,2009-03-07 13:41:53.280,0,[],0,20
631,2009-02-24 16:58:23.334,0,[],0,9
632,2009-03-06 20:12:53.387,0,[],0,19
633,2009-03-15 23:26:23.440,1,"[{'lat': -36.488, 'long': 178.024, 'Time': Timestamp('2009-03-16 06:50:45'), 'mag': 5.1}]",1,28
634,2009-02-27 07:36:51.766,0,[],0,11
635,2009-03-18 10:53:20.725,0,[],0,30
636,2009-03-18 14:12:15.122,0,[],0,30
637,2009-03-07 17:28:23.735,0,[],0,19
638,2009-02-26 20:42:23.788,0,[],0,10
639,2009-03-03 23:56:23.841,0,[],0,15
640,2009-03-03 04:51:02.850,0,[],0,14
641,2009-03-07 08:07:24.935,0,[],0,18
642,2009-03-09 11:23:58.873,0,[],0,20
643,2009-03-12 14:42:19.065,0,[],0,23
644,2009-03-16 17:58:21.339,0,[],0,27
645,2009-03-07 21:12:18.512,0,[],0,18
646,2009-02-24 00:25:45.239,0,[],0,6
647,2009-03-16 06:58:56.642,0,[],0,26
648,2009-02-27 10:14:54.782,0,[],0,9
649,2009-02-25 13:33:53.641,0,[],0,7
650,2009-02-24 23:18:53.801,0,[],0,6
651,2009-03-13 07:28:52.127,0,[],0,22
652,2009-03-04 10:45:21.086,1,"[{'lat': -30.753, 'long': -13.497, 'Time': Timestamp('2009-03-05 01:32:33'), 'mag': 5.1}]",1,13
653,2009-03-12 14:04:22.793,0,[],0,21
654,2009-03-07 17:20:53.096,0,[],0,16
655,2009-02-27 20:34:53.149,0,[],0,8
656,2009-03-18 23:48:23.202,0,[],0,27
657,2009-03-15 07:59:20.200,1,"[{'lat': -26.949, 'long': 26.753, 'Time': Timestamp('2009-03-16 14:05:42'), 'mag': 5.0}]",1,23
658,2009-03-11 11:16:23.389,0,[],0,19
659,2009-02-27 14:34:49.315,0,[],0,7
660,2009-03-10 17:50:23.497,0,[],0,18
661,2009-03-06 22:41:23.576,0,[],0,14
662,2009-03-10 06:50:54.681,0,[],0,17
663,2009-03-13 10:06:54.958,0,[],0,20
664,2009-03-11 13:26:23.818,1,"[{'lat': 15.585, 'long': -46.733, 'Time': Timestamp('2009-03-11 23:50:33'), 'mag': 5.0}]",1,18
665,2009-03-05 16:42:53.871,0,[],0,12
666,2009-03-17 19:57:23.924,0,[],0,24
667,2009-03-21 23:10:53.978,1,"[{'lat': -22.817, 'long': -175.251, 'Time': Timestamp('2009-03-23 04:43:34'), 'mag': 5.1}, {'lat': -33.916, 'long': -179.028, 'Time': Timestamp('2009-03-22 20:01:33'), 'mag': 5.1}]",2,28
668,2009-03-17 07:21:21.303,0,[],0,23
669,2009-03-18 10:37:21.591,0,[],0,24
670,2009-03-08 13:56:23.219,0,[],0,14
671,2009-02-27 23:40:53.379,1,"[{'lat': -16.764, 'long': 177.171, 'Time': Timestamp('2009-02-28 21:18:53'), 'mag': 5.1}]",1,5
672,2009-03-08 07:51:21.705,0,[],0,13
673,2009-03-20 11:07:53.565,1,"[{'lat': -12.931, 'long': -14.59, 'Time': Timestamp('2009-03-22 05:52:28'), 'mag': 5.1}, {'lat': -12.826, 'long': -14.553, 'Time': Timestamp('2009-03-22 06:06:35'), 'mag': 5.3}, {'lat': -12.867, 'long': -14.56, 'Time': Timestamp('2009-03-22 08:02:26'), 'mag': 5.1}]",3,25
674,2009-03-22 14:26:50.708,0,[],0,27
675,2009-03-19 17:42:53.674,0,[],0,24
676,2009-03-09 20:56:53.727,0,[],0,14
677,2009-03-20 00:10:17.106,0,[],0,24
678,2009-03-20 08:19:52.217,0,[],0,24
679,2009-03-23 11:38:53.967,0,[],0,27
680,2009-03-15 14:56:52.994,0,[],0,19
681,2009-03-14 18:12:50.838,0,[],0,18
682,2009-03-14 21:26:18.339,0,[],0,18
683,2009-03-14 00:40:19.609,0,[],0,17
684,2009-03-09 03:57:23.759,0,[],0,12
685,2009-03-25 07:13:26.580,0,[],0,28
686,2009-03-09 10:29:25.493,0,[],0,12
687,2009-03-27 13:48:23.583,0,[],0,30
688,2009-03-11 23:32:53.742,0,[],0,14
689,2009-03-19 07:43:17.972,0,[],0,21
690,2009-03-09 11:00:23.796,0,[],0,11
691,2009-03-09 14:18:55.055,0,[],0,11
692,2009-03-25 17:34:54.037,0,[],0,27
693,2009-03-22 20:48:53.090,0,[],0,24
694,2009-03-09 00:02:53.143,0,[],0,10
695,2009-03-05 04:57:32.153,0,[],0,6
696,2009-03-19 08:13:51.581,0,[],0,20
697,2009-03-24 11:30:53.331,0,[],0,25
698,2009-03-25 14:49:21.031,0,[],0,26
699,2009-03-14 18:04:53.438,0,[],0,15
700,2009-03-04 21:18:53.491,0,[],0,5
701,2009-03-18 00:32:15.542,0,[],0,18
702,2009-03-23 07:05:22.848,0,[],0,23
703,2009-03-19 10:21:20.803,0,[],0,19
704,2009-03-27 13:40:53.759,0,[],0,27
705,2009-03-10 16:57:23.813,0,[],0,10
706,2009-03-15 20:11:23.866,0,[],0,15
707,2009-03-18 23:25:23.918,1,"[{'lat': -21.48, 'long': -179.38, 'Time': Timestamp('2009-03-20 12:26:03'), 'mag': 5.5}]",1,18
708,2009-03-07 07:35:55.012,0,[],0,6
709,2009-03-28 10:52:22.972,0,[],0,27
710,2009-03-11 14:10:45.928,0,[],0,10
711,2009-03-24 20:41:23.267,0,[],0,23
712,2009-03-06 23:54:53.319,0,[],0,5
713,2009-03-07 08:05:46.221,0,[],0,5
714,2009-03-26 11:22:53.507,0,[],0,24
715,2009-03-07 16:19:23.588,1,"[{'lat': 13.54, 'long': -90.57, 'Time': Timestamp('2009-03-09 06:01:11'), 'mag': 5.4}]",1,5
716,2009-03-29 19:33:51.186,0,[],0,27
717,2009-03-12 22:47:53.694,0,[],0,10
718,2009-04-02 06:57:28.449,0,[],0,30
719,2009-03-26 10:13:50.979,0,[],0,23
720,2009-03-31 13:32:53.936,0,[],0,28
721,2009-03-20 16:49:23.989,0,[],0,17
722,2009-03-25 20:03:54.042,0,[],0,22
723,2009-03-14 23:17:23.095,1,"[{'lat': -20.619, 'long': -175.705, 'Time': Timestamp('2009-03-16 15:25:20'), 'mag': 5.0}]",1,11
724,2009-03-20 12:23:51.256,0,[],0,16
725,2009-04-03 15:41:50.093,0,[],0,30
726,2009-03-10 22:10:23.659,0,[],0,6
727,2009-03-23 01:24:22.027,0,[],0,18
728,2009-04-01 06:19:26.092,0,[],0,27
729,2009-03-24 09:35:20.944,0,[],0,19
730,2009-03-22 12:54:23.900,0,[],0,17
731,2009-04-01 16:11:53.954,0,[],0,27
732,2009-03-21 19:26:24.007,0,[],0,16
733,2009-03-20 22:39:54.059,0,[],0,15
734,2009-03-18 01:54:20.647,1,"[{'lat': 3.87, 'long': 126.443, 'Time': Timestamp('2009-03-18 04:28:51'), 'mag': 5.0}, {'lat': 3.648, 'long': 126.655, 'Time': Timestamp('2009-03-18 09:03:08'), 'mag': 5.5}, {'lat': 3.628, 'long': 126.876, 'Time': Timestamp('2009-03-18 23:09:15'), 'mag': 5.0}]",3,12
735,2009-03-14 05:11:26.783,0,[],0,8
736,2009-03-20 08:26:21.535,0,[],0,14
737,2009-03-13 11:45:23.274,0,[],0,7
738,2009-04-04 15:03:49.645,0,[],0,29
739,2009-03-31 18:18:53.381,0,[],0,25
740,2009-03-18 21:32:53.434,0,[],0,12
741,2009-03-31 00:46:52.349,1,"[{'lat': 18.313, 'long': 145.716, 'Time': Timestamp('2009-03-31 15:29:31'), 'mag': 5.5}]",1,24
742,2009-03-26 07:19:51.787,0,[],0,19
743,2009-03-25 10:34:24.841,0,[],0,18
744,2009-03-28 13:55:24.663,0,[],0,21
745,2009-04-01 17:11:53.756,0,[],0,25
746,2009-03-12 20:25:53.808,0,[],0,5
747,2009-03-12 23:39:23.862,0,[],0,5
748,2009-03-18 07:50:20.860,0,[],0,10
749,2009-03-31 11:06:54.049,0,[],0,23
750,2009-03-30 14:25:21.518,0,[],0,22
751,2009-03-22 20:55:23.209,0,[],0,14
752,2009-03-15 05:03:52.864,0,[],0,6
753,2009-03-25 08:20:20.483,0,[],0,16
754,2009-04-06 11:37:23.450,1,"[{'lat': 42.451, 'long': 13.364, 'Time': Timestamp('2009-04-06 23:15:37'), 'mag': 5.1}, {'lat': 42.275, 'long': 13.464, 'Time': Timestamp('2009-04-07 17:47:37'), 'mag': 5.5}]",2,28
755,2009-03-26 14:55:51.150,0,[],0,17
756,2009-03-31 18:11:23.557,0,[],0,22
757,2009-04-04 21:25:23.611,1,"[{'lat': -22.455, 'long': -174.872, 'Time': Timestamp('2009-04-05 08:14:29'), 'mag': 5.0}, {'lat': -22.384, 'long': -174.938, 'Time': Timestamp('2009-04-06 12:16:08'), 'mag': 5.6}]",2,26
758,2009-04-04 00:38:52.525,0,[],0,25
759,2009-03-31 07:11:52.967,0,[],0,21
760,2009-03-22 10:28:27.787,0,[],0,12
761,2009-03-17 13:47:23.878,0,[],0,7
762,2009-03-20 17:03:53.932,0,[],0,10
763,2009-03-23 20:17:53.985,0,[],0,13
764,2009-03-17 23:31:54.038,0,[],0,7
765,2009-04-08 07:42:24.132,0,[],0,28
766,2009-03-21 10:58:53.284,1,"[{'lat': -12.931, 'long': -14.59, 'Time': Timestamp('2009-03-22 05:52:28'), 'mag': 5.1}, {'lat': -12.826, 'long': -14.553, 'Time': Timestamp('2009-03-22 06:06:35'), 'mag': 5.3}, {'lat': -12.867, 'long': -14.56, 'Time': Timestamp('2009-03-22 08:02:26'), 'mag': 5.1}, {'lat': -12.738, 'long': -14.687, 'Time': Timestamp('2009-03-22 12:54:51'), 'mag': 5.0}]",4,10
767,2009-04-01 14:17:19.119,0,[],0,21
768,2009-04-02 01:38:49.639,0,[],0,21
769,2009-04-05 06:33:53.380,0,[],0,24
770,2009-03-27 09:49:50.890,0,[],0,15
771,2009-04-06 13:08:53.846,0,[],0,25
772,2009-03-29 16:25:53.899,0,[],0,17
773,2009-03-24 19:40:24.265,0,[],0,12
774,2009-03-29 22:54:24.005,1,"[{'lat': 56.2872, 'long': -152.4774, 'Time': Timestamp('2009-03-30 03:42:46'), 'mag': 5.2}, {'lat': 56.2165, 'long': -152.3473, 'Time': Timestamp('2009-03-30 07:13:03'), 'mag': 5.9}, {'lat': 51.535, 'long': -178.258, 'Time': Timestamp('2009-03-30 12:07:28'), 'mag': 5.7}, {'lat': 51.526, 'long': -178.267, 'Time': Timestamp('2009-03-30 12:11:54'), 'mag': 5.8}]",4,17
775,2009-03-22 07:04:26.431,0,[],0,9
776,2009-03-29 10:20:20.290,0,[],0,16
777,2009-03-29 13:39:23.247,0,[],0,16
778,2009-03-24 16:55:53.300,0,[],0,11
779,2009-04-11 20:10:23.353,0,[],0,29
780,2009-03-25 23:23:53.406,0,[],0,12
781,2009-04-04 07:34:22.736,0,[],0,21
782,2009-04-13 10:50:50.691,0,[],0,30
783,2009-04-01 14:09:46.416,0,[],0,18
784,2009-04-02 17:25:53.701,0,[],0,19
785,2009-04-02 20:39:51.299,0,[],0,19
786,2009-03-29 23:53:53.807,0,[],0,15
787,2009-04-10 08:02:50.035,0,[],0,26
788,2009-04-03 11:21:23.994,0,[],0,19
789,2009-03-23 14:39:51.359,0,[],0,8
790,2009-04-09 17:55:53.102,0,[],0,25
791,2009-04-10 21:08:25.443,0,[],0,26
792,2009-04-10 00:23:15.206,0,[],0,25
793,2009-04-06 08:32:50.328,0,[],0,21
794,2009-04-07 11:51:53.396,1,"[{'lat': 37.663, 'long': -17.387, 'Time': Timestamp('2009-04-07 15:18:41'), 'mag': 5.0}]",1,22
795,2009-04-09 15:10:22.535,0,[],0,24
796,2009-04-05 18:25:23.503,0,[],0,20
797,2009-04-12 21:38:24.628,1,"[{'lat': -30.282, 'long': -177.896, 'Time': Timestamp('2009-04-14 12:49:01'), 'mag': 5.2}]",1,27
798,2009-04-09 00:53:22.470,1,"[{'lat': -8.893, 'long': 159.633, 'Time': Timestamp('2009-04-10 13:21:51'), 'mag': 5.0}]",1,23
799,2009-03-23 05:48:23.332,0,[],0,6
800,2009-03-22 09:03:20.729,0,[],0,5
801,2009-04-11 12:22:23.796,0,[],0,25
802,2009-04-15 15:40:25.927,0,[],0,29
803,2009-04-01 18:55:23.904,0,[],0,15
804,2009-03-31 22:08:54.917,0,[],0,14
805,2009-03-30 07:56:50.651,0,[],0,12
806,2009-03-25 22:38:53.550,0,[],0,7
807,2009-04-12 06:48:22.544,0,[],0,24
808,2009-04-03 10:04:22.598,0,[],0,15
809,2009-04-03 13:23:22.876,0,[],0,15
810,2009-04-10 16:40:20.273,0,[],0,22
811,2009-04-09 19:54:50.215,0,[],0,21
812,2009-04-01 23:08:23.950,1,"[{'lat': -31.403, 'long': -178.564, 'Time': Timestamp('2009-04-03 14:37:53'), 'mag': 5.0}]",1,13
813,2009-03-29 07:18:26.377,0,[],0,9
814,2009-03-27 10:34:50.236,0,[],0,7
815,2009-04-18 13:53:54.152,0,[],0,29
816,2009-04-07 17:10:23.245,0,[],0,18
817,2009-03-30 20:24:23.298,0,[],0,10
818,2009-04-13 23:38:23.351,0,[],0,24
819,2009-04-16 07:48:55.450,1,"[{'lat': 34.185, 'long': 70.076, 'Time': Timestamp('2009-04-16 21:27:51'), 'mag': 5.2}, {'lat': 34.106, 'long': 70.056, 'Time': Timestamp('2009-04-16 23:42:51'), 'mag': 5.1}]",2,26
820,2009-04-08 11:05:23.538,0,[],0,18
821,2009-04-08 14:24:20.680,0,[],0,18
822,2009-04-06 17:40:23.647,0,[],0,16
823,2009-04-07 20:53:49.124,0,[],0,17
824,2009-04-07 00:07:53.942,0,[],0,16
825,2009-03-27 08:17:15.884,0,[],0,5
826,2009-03-31 11:35:53.939,0,[],0,9
827,2009-04-13 14:54:22.968,0,[],0,22
828,2009-04-04 21:22:51.292,1,"[{'lat': -22.455, 'long': -174.872, 'Time': Timestamp('2009-04-05 08:14:29'), 'mag': 5.0}, {'lat': -22.384, 'long': -174.938, 'Time': Timestamp('2009-04-06 12:16:08'), 'mag': 5.6}]",2,13
829,2009-03-31 00:37:50.475,1,"[{'lat': 18.313, 'long': 145.716, 'Time': Timestamp('2009-03-31 15:29:31'), 'mag': 5.5}]",1,8
830,2009-03-31 05:32:25.644,0,[],0,8
831,2009-04-10 08:47:21.601,0,[],0,18
832,2009-03-30 12:06:23.340,0,[],0,7
833,2009-04-05 15:24:25.248,0,[],0,13
834,2009-04-08 18:39:49.330,0,[],0,16
835,2009-03-28 21:53:21.916,0,[],0,5
836,2009-04-07 01:07:21.088,0,[],0,14
837,2009-04-05 06:02:25.933,0,[],0,12
838,2009-04-06 09:17:53.443,0,[],0,13
839,2009-04-22 12:36:53.742,0,[],0,29
840,2009-04-20 15:54:52.557,1,"[{'lat': -35.085, 'long': -71.565, 'Time': Timestamp('2009-04-21 00:27:44'), 'mag': 5.2}]",1,27
841,2009-04-12 19:09:21.282,0,[],0,19
842,2009-04-21 22:23:23.902,0,[],0,28
843,2009-04-22 01:37:22.270,1,"[{'lat': 4.416, 'long': 126.815, 'Time': Timestamp('2009-04-23 12:16:19'), 'mag': 5.5}]",1,28
844,2009-04-11 06:32:57.775,0,[],0,17
845,2009-04-12 09:48:21.709,0,[],0,18
846,2009-04-11 13:07:23.337,0,[],0,17
847,2009-04-10 22:52:53.497,0,[],0,16
848,2009-04-10 02:07:21.084,0,[],0,15
849,2009-04-19 05:24:26.014,0,[],0,24
850,2009-04-07 08:39:20.643,0,[],0,12
851,2009-04-22 11:58:23.711,0,[],0,27
852,2009-04-10 15:16:51.522,0,[],0,15
853,2009-04-01 18:31:49.700,0,[],0,6
854,2009-04-14 21:44:54.943,1,"[{'lat': -16.395, 'long': -177.742, 'Time': Timestamp('2009-04-14 22:37:46'), 'mag': 5.1}, {'lat': -16.308, 'long': -177.732, 'Time': Timestamp('2009-04-14 23:29:33'), 'mag': 5.9}]",2,19
855,2009-04-18 00:59:51.458,1,"[{'lat': 46.015, 'long': 151.427, 'Time': Timestamp('2009-04-18 19:17:58'), 'mag': 6.6}, {'lat': 23.163, 'long': 142.216, 'Time': Timestamp('2009-04-19 09:05:54'), 'mag': 5.2}]",2,22
856,2009-04-20 05:54:57.743,0,[],0,24
857,2009-04-04 09:09:51.045,0,[],0,8
858,2009-04-08 12:28:53.112,0,[],0,12
859,2009-04-24 15:46:51.928,0,[],0,28
860,2009-04-10 19:01:49.212,0,[],0,14
861,2009-04-08 22:15:21.353,0,[],0,12
862,2009-04-03 06:24:51.609,0,[],0,6
863,2009-04-13 09:40:21.886,0,[],0,16
864,2009-04-11 12:59:23.513,0,[],0,14
865,2009-04-14 16:16:53.567,0,[],0,17
866,2009-04-03 19:31:23.933,0,[],0,6
867,2009-04-11 22:44:53.673,0,[],0,14
868,2009-04-12 08:33:25.028,0,[],0,14
869,2009-04-11 11:50:23.887,0,[],0,13
870,2009-04-09 15:08:53.026,0,[],0,11
871,2009-04-27 21:37:52.463,0,[],0,29
872,2009-04-18 00:51:51.962,1,"[{'lat': 46.015, 'long': 151.427, 'Time': Timestamp('2009-04-18 19:17:58'), 'mag': 6.6}, {'lat': 23.163, 'long': 142.216, 'Time': Timestamp('2009-04-19 09:05:54'), 'mag': 5.2}]",2,19
873,2009-04-14 05:46:54.152,0,[],0,15
874,2009-04-26 09:01:50.221,0,[],0,27
875,2009-04-29 12:21:23.288,0,[],0,30
876,2009-04-25 15:38:52.651,0,[],0,26
877,2009-04-28 18:53:53.396,0,[],0,29
878,2009-04-06 22:07:23.080,0,[],0,7
879,2009-04-16 01:21:50.488,0,[],0,16
880,2009-04-30 06:16:54.776,0,[],0,30
881,2009-04-29 09:32:16.638,0,[],0,29
882,2009-04-19 12:51:53.690,0,[],0,19
883,2009-04-21 16:08:53.744,0,[],0,21
884,2009-04-14 19:23:53.797,1,"[{'lat': -62.962, 'long': -157.704, 'Time': Timestamp('2009-04-15 02:54:52'), 'mag': 5.2}]",1,14
885,2009-04-11 00:14:15.874,0,[],0,10
886,2009-04-18 05:08:53.477,0,[],0,17
887,2009-04-11 08:23:50.996,0,[],0,10
888,2009-05-01 11:42:23.259,0,[],0,30
889,2009-04-20 15:00:48.190,0,[],0,19
890,2009-04-06 21:30:23.420,0,[],0,5
891,2009-04-09 00:44:23.472,0,[],0,7
892,2009-04-17 05:38:55.964,0,[],0,15
893,2009-04-12 08:53:51.921,0,[],0,10
894,2009-04-12 12:13:23.660,0,[],0,10
895,2009-05-01 15:30:48.815,0,[],0,29
896,2009-04-10 18:46:18.321,0,[],0,8
897,2009-04-15 21:59:52.012,0,[],0,13
898,2009-04-13 01:13:50.860,0,[],0,10
899,2009-04-30 06:08:56.689,0,[],0,27
900,2009-04-08 09:24:22.433,0,[],0,5
901,2009-04-21 12:43:54.062,0,[],0,18
902,2009-04-20 16:01:21.318,1,"[{'lat': -35.085, 'long': -71.565, 'Time': Timestamp('2009-04-21 00:27:44'), 'mag': 5.2}]",1,17
903,2009-05-01 19:15:53.168,0,[],0,28
904,2009-05-03 00:06:23.437,0,[],0,29
905,2009-04-27 08:15:52.354,0,[],0,23
906,2009-04-22 11:34:53.436,0,[],0,18
907,2009-04-16 21:22:23.596,0,[],0,12
908,2009-05-03 00:36:20.970,0,[],0,28
909,2009-04-16 10:25:20.907,0,[],0,11
910,2009-04-15 13:44:23.863,0,[],0,10
911,2009-04-24 23:28:54.023,0,[],0,19
912,2009-05-05 07:39:20.579,0,[],0,29
913,2009-05-04 10:17:20.282,0,[],0,26
914,2009-04-27 13:36:23.238,1,"[{'lat': 52.666, 'long': -35.028, 'Time': Timestamp('2009-04-28 19:54:35'), 'mag': 5.6}]",1,19
915,2009-04-25 23:21:23.397,0,[],0,17
916,2009-04-27 07:31:22.728,1,"[{'lat': 42.841, 'long': 72.435, 'Time': Timestamp('2009-04-27 20:04:14'), 'mag': 5.0}]",1,18
917,2009-05-07 10:47:50.683,0,[],0,28
918,2009-04-25 14:06:50.950,0,[],0,16
919,2009-05-04 17:23:23.693,0,[],0,25
920,2009-05-08 20:37:23.746,0,[],0,29
921,2009-04-27 23:50:53.798,0,[],0,18
922,2009-04-15 03:07:25.046,0,[],0,5
923,2009-04-28 06:23:26.784,0,[],0,18
924,2009-04-20 09:38:52.385,0,[],0,10
925,2009-04-18 12:58:24.013,0,[],0,8
926,2009-04-30 16:15:24.066,0,[],0,20
927,2009-05-09 19:29:53.120,0,[],0,29
928,2009-04-26 22:43:55.137,0,[],0,16
929,2009-04-28 08:30:16.994,0,[],0,17
930,2009-05-07 07:23:55.672,0,[],0,25
931,2009-04-21 12:19:53.788,0,[],0,9
932,2009-05-06 15:37:16.287,0,[],0,24
933,2009-04-29 18:52:23.895,0,[],0,17
934,2009-05-04 22:06:19.373,0,[],0,22
935,2009-05-01 01:20:22.316,0,[],0,18
936,2009-04-21 06:15:25.381,0,[],0,8
937,2009-05-07 09:30:46.138,0,[],0,24
938,2009-04-30 12:50:23.190,0,[],0,17
939,2009-05-09 16:07:23.243,0,[],0,26
940,2009-05-04 19:22:23.296,0,[],0,21
941,2009-04-26 22:35:53.350,0,[],0,13
942,2009-04-27 01:50:20.936,0,[],0,13
943,2009-04-20 06:45:24.454,1,"[{'lat': 14.434, 'long': 56.283, 'Time': Timestamp('2009-04-21 19:45:03'), 'mag': 5.3}, {'lat': 14.39, 'long': 56.194, 'Time': Timestamp('2009-04-21 19:47:25'), 'mag': 5.1}, {'lat': 14.461, 'long': 56.294, 'Time': Timestamp('2009-04-21 20:08:43'), 'mag': 5.0}, {'lat': 14.378, 'long': 56.234, 'Time': Timestamp('2009-04-21 20:18:32'), 'mag': 5.0}]",4,6
944,2009-05-04 10:01:21.963,0,[],0,20
945,2009-04-28 13:20:53.591,0,[],0,14
946,2009-05-12 16:37:23.645,0,[],0,28
947,2009-04-26 19:51:53.698,0,[],0,12
948,2009-05-12 00:42:51.311,0,[],0,27
949,2009-05-14 05:37:26.268,0,[],0,29
950,2009-05-10 08:52:22.225,0,[],0,25
951,2009-04-28 12:11:53.163,0,[],0,13
952,2009-05-08 15:29:22.413,0,[],0,23
953,2009-05-10 18:44:47.824,0,[],0,25
954,2009-05-09 21:58:21.515,0,[],0,24
955,2009-05-07 01:12:20.362,0,[],0,21
956,2009-05-15 06:07:23.423,0,[],0,29
957,2009-04-27 09:22:51.936,0,[],0,11
958,2009-05-14 12:42:23.564,0,[],0,28
959,2009-04-27 15:59:51.821,0,[],0,11
960,2009-04-26 19:14:23.670,0,[],0,10
961,2009-05-15 22:28:23.723,0,[],0,29
962,2009-04-22 01:42:22.527,1,"[{'lat': 4.416, 'long': 126.815, 'Time': Timestamp('2009-04-23 12:16:19'), 'mag': 5.5}]",1,5
963,2009-05-11 06:37:57.596,0,[],0,24
964,2009-04-27 09:53:22.337,0,[],0,10
965,2009-05-15 13:12:53.965,0,[],0,28
966,2009-04-25 16:29:54.018,0,[],0,8
967,2009-05-15 19:44:24.072,0,[],0,28
968,2009-04-28 22:57:53.124,0,[],0,11
969,2009-05-15 02:12:21.928,0,[],0,27
970,2009-05-17 07:07:57.656,1,"[{'lat': -7.106, 'long': 67.865, 'Time': Timestamp('2009-05-19 07:04:16'), 'mag': 5.0}]",1,29
971,2009-05-02 10:23:48.189,0,[],0,14
972,2009-04-23 13:42:48.467,0,[],0,5
973,2009-05-06 16:59:53.420,0,[],0,18
974,2009-04-26 20:13:53.473,0,[],0,8
975,2009-05-18 23:27:23.526,0,[],0,30
976,2009-05-12 07:37:51.081,0,[],0,23
977,2009-05-07 10:54:20.812,0,[],0,18
978,2009-05-01 14:13:13.879,0,[],0,12
979,2009-04-25 20:43:23.874,0,[],0,6
980,2009-05-07 23:57:24.117,0,[],0,18
981,2009-04-27 04:52:02.936,0,[],0,7
982,2009-05-15 08:08:24.362,0,[],0,25
983,2009-04-30 11:25:23.114,0,[],0,10
984,2009-05-16 14:43:52.142,0,[],0,26
985,2009-05-04 17:59:23.222,0,[],0,14
986,2009-04-25 21:13:23.275,0,[],0,5
987,2009-05-13 00:26:45.326,0,[],0,22
988,2009-05-16 06:59:56.727,0,[],0,25
989,2009-05-09 10:15:54.683,0,[],0,18
990,2009-05-06 13:34:53.543,0,[],0,15
991,2009-05-05 16:51:53.596,0,[],0,14
992,2009-05-16 20:05:53.649,0,[],0,25
993,2009-05-02 00:56:52.590,1,"[{'lat': 11.282, 'long': 140.463, 'Time': Timestamp('2009-05-02 14:02:18'), 'mag': 5.3}, {'lat': 11.103, 'long': 140.507, 'Time': Timestamp('2009-05-03 00:10:35'), 'mag': 5.2}]",2,10
994,2009-05-06 05:51:54.780,0,[],0,14
995,2009-04-27 09:06:50.849,0,[],0,5
996,2009-04-30 12:26:23.917,0,[],0,8
997,2009-05-19 15:43:54.060,0,[],0,27
998,2009-05-15 22:12:24.077,0,[],0,23
999,2009-05-01 01:26:50.116,0,[],0,8
1000,2009-05-06 06:21:56.090,0,[],0,13
1001,2009-05-07 09:37:17.819,0,[],0,14
1002,2009-05-01 12:56:53.542,0,[],0,8
1003,2009-05-16 16:13:53.596,0,[],0,23
1004,2009-05-09 19:28:23.649,0,[],0,16
1005,2009-05-02 22:42:23.703,0,[],0,9
1006,2009-05-14 11:47:53.917,0,[],0,20
1007,2009-05-17 15:05:53.056,1,"[{'lat': -15.658, 'long': -74.838, 'Time': Timestamp('2009-05-18 14:01:04'), 'mag': 5.8}, {'lat': -15.708, 'long': -75.038, 'Time': Timestamp('2009-05-18 14:13:06'), 'mag': 5.3}]",2,23
1008,2009-05-04 18:21:24.024,0,[],0,10
1009,2009-05-01 07:22:24.755,0,[],0,6
1010,2009-05-02 10:38:20.713,0,[],0,7
1011,2009-05-01 13:57:19.662,0,[],0,6
1012,2009-05-23 17:13:49.716,0,[],0,28
1013,2009-05-10 20:27:50.986,0,[],0,15
1014,2009-05-07 23:41:53.504,0,[],0,12
1015,2009-05-18 07:52:26.931,0,[],0,22
1016,2009-05-02 11:09:23.692,0,[],0,6
1017,2009-05-19 14:27:53.601,0,[],0,23
1018,2009-05-21 20:57:53.852,0,[],0,25
1019,2009-05-06 00:11:18.570,1,"[{'lat': -22.323, 'long': 170.857, 'Time': Timestamp('2009-05-06 12:54:01'), 'mag': 5.1}]",1,9
1020,2009-05-13 08:20:53.682,0,[],0,16
1021,2009-05-05 11:39:53.093,0,[],0,8
1022,2009-05-14 14:57:52.121,0,[],0,17
1023,2009-05-24 18:13:23.200,0,[],0,27
1024,2009-05-10 21:27:23.253,0,[],0,13
1025,2009-05-19 00:41:20.840,0,[],0,21
1026,2009-05-20 08:51:20.427,0,[],0,22
1027,2009-05-10 12:10:23.494,1,"[{'lat': -30.054, 'long': -13.899, 'Time': Timestamp('2009-05-11 14:32:30'), 'mag': 5.2}]",1,12
1028,2009-05-22 15:28:18.649,0,[],0,24
1029,2009-05-14 18:43:18.156,0,[],0,16
1030,2009-05-07 21:56:53.175,0,[],0,9
1031,2009-05-06 01:10:50.694,1,"[{'lat': -6.533, 'long': 154.949, 'Time': Timestamp('2009-05-06 13:33:11'), 'mag': 5.2}]",1,7
1032,2009-05-23 06:06:22.427,0,[],0,24
1033,2009-05-27 09:21:23.768,0,[],0,28
1034,2009-05-11 12:40:54.067,0,[],0,12
1035,2009-05-28 22:26:53.227,0,[],0,29
1036,2009-05-15 04:58:32.263,0,[],0,15
1037,2009-05-26 08:14:56.568,0,[],0,26
1038,2009-05-13 11:31:53.441,0,[],0,13
1039,2009-05-16 14:50:25.236,1,"[{'lat': -15.658, 'long': -74.838, 'Time': Timestamp('2009-05-18 14:01:04'), 'mag': 5.8}, {'lat': -15.708, 'long': -75.038, 'Time': Timestamp('2009-05-18 14:13:06'), 'mag': 5.3}]",2,16
1040,2009-05-24 18:05:53.549,0,[],0,24
1041,2009-05-19 21:19:23.602,0,[],0,19
1042,2009-05-08 00:33:20.976,0,[],0,7
1043,2009-05-18 07:06:27.054,1,"[{'lat': -7.106, 'long': 67.865, 'Time': Timestamp('2009-05-19 07:04:16'), 'mag': 5.0}, {'lat': -7.045, 'long': 68.025, 'Time': Timestamp('2009-05-19 07:22:43'), 'mag': 5.0}]",2,17
1044,2009-05-17 10:22:20.913,0,[],0,16
1045,2009-05-29 13:41:53.870,0,[],0,28
1046,2009-05-27 16:58:23.923,0,[],0,26
1047,2009-05-09 20:12:23.976,0,[],0,8
1048,2009-05-27 23:26:24.029,0,[],0,26
1049,2009-05-23 07:36:53.353,0,[],0,21
1050,2009-05-14 10:53:23.082,0,[],0,12
1051,2009-05-17 14:11:44.711,0,[],0,15
1052,2009-05-10 17:28:21.081,0,[],0,8
1053,2009-05-29 23:55:50.852,1,"[{'lat': -6.542, 'long': 149.888, 'Time': Timestamp('2009-05-30 19:56:43'), 'mag': 5.3}]",1,27
1054,2009-05-20 03:12:22.346,0,[],0,17
1055,2009-05-17 06:28:22.399,0,[],0,14
1056,2009-05-18 09:44:20.689,1,"[{'lat': 25.248, 'long': 37.703, 'Time': Timestamp('2009-05-19 16:54:31'), 'mag': 5.0}, {'lat': 25.291, 'long': 37.74, 'Time': Timestamp('2009-05-19 17:35:01'), 'mag': 5.7}]",2,15
1057,2009-05-14 13:03:23.645,0,[],0,11
1058,2009-05-15 22:48:53.805,0,[],0,12
1059,2009-06-03 06:58:27.231,1,"[{'lat': -45.833, 'long': 35.139, 'Time': Timestamp('2009-06-04 17:25:25'), 'mag': 6.0}]",1,30
1060,2009-06-03 10:14:53.858,0,[],0,30
1061,2009-05-20 13:33:54.046,0,[],0,16
1062,2009-05-23 16:50:23.100,0,[],0,19
1063,2009-05-21 20:04:53.153,0,[],0,17
1064,2009-05-14 23:18:23.206,0,[],0,10
1065,2009-05-11 07:28:52.536,0,[],0,6
1066,2009-05-11 10:45:20.491,0,[],0,6
1067,2009-05-11 14:03:52.086,0,[],0,6
1068,2009-05-18 17:20:23.501,0,[],0,13
1069,2009-05-16 20:34:23.554,0,[],0,11
1070,2009-05-12 23:48:23.606,1,"[{'lat': -6.401, 'long': 154.932, 'Time': Timestamp('2009-05-13 01:15:21'), 'mag': 5.1}]",1,7
1071,2009-06-04 07:58:51.274,0,[],0,29
1072,2009-05-17 11:15:53.998,0,[],0,11
1073,2009-06-02 14:34:19.923,0,[],0,27
1074,2009-05-13 21:03:53.159,0,[],0,7
1075,2009-05-22 00:17:50.533,0,[],0,15
1076,2009-05-22 03:34:53.678,0,[],0,15
1077,2009-05-26 06:50:52.962,0,[],0,19
1078,2009-05-26 10:06:54.567,0,[],0,19
1079,2009-05-17 13:25:53.427,0,[],0,10
1080,2009-06-04 16:42:53.480,0,[],0,28
1081,2009-05-30 19:56:53.533,0,[],0,23
1082,2009-06-02 23:10:53.586,0,[],0,26
1083,2009-05-16 07:20:52.917,0,[],0,8
1084,2009-06-06 10:37:24.967,0,[],0,29
1085,2009-05-20 13:56:23.828,0,[],0,12
1086,2009-05-24 17:12:23.881,0,[],0,16
1087,2009-06-01 20:26:53.934,0,[],0,24
1088,2009-05-30 23:40:23.987,1,"[{'lat': -16.21, 'long': 178.282, 'Time': Timestamp('2009-05-31 16:14:30'), 'mag': 5.0}]",1,22
1089,2009-05-20 11:07:53.175,0,[],0,11
1090,2009-06-07 19:19:23.309,0,[],0,29
1091,2009-05-16 22:33:23.362,0,[],0,7
1092,2009-05-26 06:42:54.467,0,[],0,16
1093,2009-06-01 10:01:06.473,0,[],0,22
1094,2009-05-20 13:17:51.583,0,[],0,10
1095,2009-05-28 23:02:51.520,1,"[{'lat': -16.993, 'long': -174.919, 'Time': Timestamp('2009-05-29 14:48:42'), 'mag': 5.2}]",1,18
1096,2009-06-04 08:49:50.910,0,[],0,24
1097,2009-06-04 12:08:53.977,0,[],0,24
1098,2009-05-21 15:26:49.132,0,[],0,10
1099,2009-05-22 18:41:48.966,0,[],0,11
1100,2009-05-31 21:55:51.330,0,[],0,20
1101,2009-05-22 01:09:47.521,0,[],0,10
1102,2009-05-20 06:04:56.005,0,[],0,8
1103,2009-05-29 10:59:53.217,0,[],0,17
1104,2009-05-20 14:18:24.477,0,[],0,8
1105,2009-06-10 17:34:53.459,0,[],0,29
1106,2009-06-08 20:48:23.512,0,[],0,27
1107,2009-06-05 00:02:23.565,0,[],0,23
1108,2009-06-02 08:13:24.000,0,[],0,20
1109,2009-05-29 11:30:23.753,0,[],0,16
1110,2009-06-01 14:48:52.986,0,[],0,19
1111,2009-06-12 18:04:24.066,1,"[{'lat': 15.338, 'long': -90.576, 'Time': Timestamp('2009-06-14 14:18:19'), 'mag': 5.1}]",1,30
1112,2009-05-24 21:18:23.119,0,[],0,11
1113,2009-05-31 00:32:17.937,0,[],0,17
1114,2009-05-26 05:26:55.663,1,"[{'lat': -7.671, 'long': 67.831, 'Time': Timestamp('2009-05-26 05:39:15'), 'mag': 5.0}]",1,12
1115,2009-06-06 08:41:50.292,0,[],0,23
1116,2009-06-02 12:00:53.360,0,[],0,19
1117,2009-05-24 15:18:51.170,0,[],0,10
1118,2009-06-01 23:24:53.546,0,[],0,18
1119,2009-06-01 07:35:25.198,0,[],0,17
1120,2009-06-10 10:51:50.832,0,[],0,26
1121,2009-05-24 14:10:45.228,0,[],0,9
1122,2009-06-01 17:26:53.842,0,[],0,17
1123,2009-05-23 22:17:53.921,0,[],0,8
1124,2009-06-15 01:31:52.288,1,"[{'lat': -4.039, 'long': 126.347, 'Time': Timestamp('2009-06-16 17:52:43'), 'mag': 5.1}]",1,30
1125,2009-05-22 06:27:25.025,0,[],0,6
1126,2009-06-15 11:22:23.135,0,[],0,30
1127,2009-06-11 14:40:50.723,0,[],0,26
1128,2009-06-11 17:56:53.243,0,[],0,26
1129,2009-06-09 21:10:23.295,0,[],0,24
1130,2009-06-10 00:24:15.347,1,"[{'lat': -11.083, 'long': 166.275, 'Time': Timestamp('2009-06-10 08:10:14'), 'mag': 5.1}, {'lat': -17.011, 'long': 168.22, 'Time': Timestamp('2009-06-10 23:09:02'), 'mag': 5.3}, {'lat': 53.048, 'long': 159.363, 'Time': Timestamp('2009-06-11 01:35:08'), 'mag': 5.1}]",3,24
1131,2009-05-26 10:13:24.704,0,[],0,9
1132,2009-06-16 13:32:23.564,0,[],0,30
1133,2009-05-22 16:49:23.617,0,[],0,5
1134,2009-06-11 20:03:23.670,0,[],0,25
1135,2009-05-29 23:17:23.723,0,[],0,12
1136,2009-06-02 07:27:23.054,0,[],0,15
1137,2009-06-03 10:43:47.795,0,[],0,16
1138,2009-06-09 14:02:51.275,0,[],0,22
1139,2009-05-25 23:46:53.124,0,[],0,7
1140,2009-06-08 04:41:22.725,0,[],0,20
1141,2009-05-31 07:57:50.791,0,[],0,12
1142,2009-06-07 11:14:23.311,0,[],0,19
1143,2009-06-10 14:32:50.564,0,[],0,22
1144,2009-06-01 21:02:53.472,1,"[{'lat': -62.834, 'long': -158.432, 'Time': Timestamp('2009-06-02 06:27:03'), 'mag': 5.5}]",1,13
1145,2009-06-13 00:16:52.286,0,[],0,24
1146,2009-06-07 05:11:23.126,0,[],0,18
1147,2009-06-17 08:27:54.853,0,[],0,28
1148,2009-05-31 11:44:53.918,0,[],0,11
1149,2009-06-05 15:03:23.058,1,"[{'lat': -8.629, 'long': -74.679, 'Time': Timestamp('2009-06-06 21:51:21'), 'mag': 5.2}]",1,16
1150,2009-06-03 18:18:52.676,1,"[{'lat': -35.418, 'long': -104.398, 'Time': Timestamp('2009-06-05 13:39:10'), 'mag': 5.7}]",1,14
1151,2009-06-16 21:32:24.079,1,"[{'lat': -29.351, 'long': -177.237, 'Time': Timestamp('2009-06-17 11:45:40'), 'mag': 5.0}]",1,27
1152,2009-06-13 00:46:17.898,0,[],0,23
1153,2009-06-13 05:41:24.184,1,"[{'lat': 44.725, 'long': 78.866, 'Time': Timestamp('2009-06-13 17:17:37'), 'mag': 5.4}]",1,23
1154,2009-06-06 08:56:20.252,0,[],0,16
1155,2009-06-04 12:15:53.320,0,[],0,14
1156,2009-06-15 15:33:18.475,0,[],0,25
1157,2009-06-13 18:48:23.427,0,[],0,23
1158,2009-05-31 22:02:23.480,0,[],0,10
1159,2009-06-18 01:16:20.519,1,"[{'lat': 31.3, 'long': 141.752, 'Time': Timestamp('2009-06-18 06:21:06'), 'mag': 5.1}]",1,27
1160,2009-05-29 06:11:25.913,0,[],0,7
1161,2009-06-10 09:26:46.669,0,[],0,19
1162,2009-06-07 12:45:53.721,0,[],0,16
1163,2009-06-03 16:03:21.979,0,[],0,12
1164,2009-06-07 00:08:50.001,1,"[{'lat': -18.16, 'long': 168.036, 'Time': Timestamp('2009-06-07 15:05:22'), 'mag': 5.1}, {'lat': -15.187, 'long': 170.9, 'Time': Timestamp('2009-06-07 17:24:57'), 'mag': 5.1}]",2,15
1165,2009-06-16 08:18:21.017,0,[],0,24
1166,2009-06-15 16:33:23.176,0,[],0,23
1167,2009-05-28 19:47:53.229,0,[],0,5
1168,2009-05-29 23:01:53.282,0,[],0,6
1169,2009-05-30 08:48:21.757,0,[],0,6
1170,2009-05-30 12:07:53.497,0,[],0,6
1171,2009-06-09 15:25:55.515,0,[],0,16
1172,2009-06-09 21:54:21.849,0,[],0,16
1173,2009-06-20 01:08:19.368,1,"[{'lat': 39.087, 'long': 143.199, 'Time': Timestamp('2009-06-20 02:52:57'), 'mag': 5.3}]",1,26
1174,2009-06-12 06:03:23.757,0,[],0,18
1175,2009-06-06 09:18:50.272,0,[],0,12
1176,2009-05-31 15:55:50.715,0,[],0,6
1177,2009-06-13 19:10:19.329,0,[],0,19
1178,2009-06-09 22:24:24.057,0,[],0,15
1179,2009-06-22 01:38:16.772,0,[],0,27
1180,2009-06-12 06:33:55.602,0,[],0,17
1181,2009-06-19 09:49:21.671,0,[],0,24
1182,2009-06-17 13:08:53.299,0,[],0,22
1183,2009-06-17 16:25:53.353,0,[],0,22
1184,2009-06-22 19:40:23.406,0,[],0,27
1185,2009-06-25 22:53:53.458,0,[],0,30
1186,2009-06-12 08:40:49.278,0,[],0,16
1187,2009-06-06 11:59:53.883,0,[],0,10
1188,2009-06-19 15:17:51.694,0,[],0,23
1189,2009-06-24 21:46:50.908,0,[],0,28
1190,2009-06-18 01:00:50.630,1,"[{'lat': 31.3, 'long': 141.752, 'Time': Timestamp('2009-06-18 06:21:06'), 'mag': 5.1}]",1,21
1191,2009-06-18 05:55:55.476,1,"[{'lat': -39.505, 'long': 78.143, 'Time': Timestamp('2009-06-19 13:49:43'), 'mag': 5.2}]",1,21
1192,2009-06-09 09:10:50.217,0,[],0,12
1193,2009-06-17 12:30:23.284,0,[],0,20
1194,2009-06-15 15:47:53.428,0,[],0,18
1195,2009-06-25 19:02:49.385,0,[],0,28
1196,2009-06-16 22:16:23.444,0,[],0,19
1197,2009-06-13 01:30:50.484,0,[],0,15
1198,2009-06-24 04:48:02.480,0,[],0,26
1199,2009-06-07 08:04:19.141,0,[],0,9
1200,2009-06-18 11:21:23.659,0,[],0,20
1201,2009-06-18 14:39:51.246,0,[],0,20
1202,2009-06-07 17:55:23.766,1,"[{'lat': 15.792, 'long': -86.865, 'Time': Timestamp('2009-06-08 05:13:14'), 'mag': 5.4}]",1,9
1203,2009-06-07 22:46:23.845,0,[],0,9
1204,2009-06-21 08:32:49.664,0,[],0,22
1205,2009-06-29 11:51:54.059,0,[],0,30
1206,2009-06-10 15:09:52.198,0,[],0,11
1207,2009-06-22 18:25:23.167,0,[],0,23
1208,2009-06-10 21:38:53.220,1,"[{'lat': -24.195, 'long': -176.87, 'Time': Timestamp('2009-06-11 03:37:52'), 'mag': 5.5}]",1,11
1209,2009-06-14 00:52:48.039,0,[],0,14
1210,2009-06-19 05:47:54.325,1,"[{'lat': -39.505, 'long': 78.143, 'Time': Timestamp('2009-06-19 13:49:43'), 'mag': 5.2}]",1,19
1211,2009-06-25 09:03:20.393,0,[],0,25
1212,2009-06-14 12:22:23.461,0,[],0,14
1213,2009-06-26 15:39:50.167,0,[],0,26
1214,2009-06-21 18:54:53.568,0,[],0,21
1215,2009-06-12 07:56:23.414,0,[],0,11
1216,2009-06-14 11:13:23.835,0,[],0,13
1217,2009-06-26 14:31:41.568,0,[],0,25
1218,2009-06-19 21:01:20.313,0,[],0,18
1219,2009-06-23 00:15:22.910,0,[],0,21
1220,2009-06-27 08:24:51.497,0,[],0,25
1221,2009-06-16 11:43:53.236,0,[],0,14
1222,2009-06-26 15:01:53.704,0,[],0,24
1223,2009-06-17 18:17:23.343,0,[],0,15
1224,2009-06-30 08:55:20.570,1,"[{'lat': 34.164, 'long': 25.471, 'Time': Timestamp('2009-07-01 09:30:10'), 'mag': 6.4}]",1,27
1225,2009-06-10 12:14:23.850,1,"[{'lat': -24.965, 'long': -13.619, 'Time': Timestamp('2009-06-11 08:55:03'), 'mag': 5.3}]",1,7
1226,2009-06-15 15:32:19.005,0,[],0,12
1227,2009-06-27 22:00:54.010,0,[],0,24
1228,2009-06-18 07:48:43.283,0,[],0,14
1229,2009-07-02 11:05:23.224,0,[],0,28
1230,2009-06-24 14:23:54.462,0,[],0,20
1231,2009-06-13 17:39:53.332,0,[],0,9
1232,2009-06-23 20:53:53.385,0,[],0,19
1233,2009-06-15 00:07:49.531,0,[],0,10
1234,2009-06-27 05:02:32.447,0,[],0,22
1235,2009-06-20 08:18:50.659,0,[],0,15
1236,2009-06-12 11:35:53.625,0,[],0,7
1237,2009-06-23 14:54:21.324,0,[],0,18
1238,2009-07-04 18:09:53.733,0,[],0,29
1239,2009-07-05 08:47:20.959,0,[],0,29
1240,2009-06-14 12:06:24.026,0,[],0,8
1241,2009-06-23 15:24:18.181,0,[],0,17
1242,2009-07-06 18:39:19.016,0,[],0,30
1243,2009-07-02 21:53:21.379,0,[],0,26
1244,2009-06-15 01:07:17.570,1,"[{'lat': 47.222, 'long': 145.543, 'Time': Timestamp('2009-06-16 00:03:55'), 'mag': 5.2}]",1,8
1245,2009-06-29 06:02:26.055,0,[],0,22
1246,2009-06-18 09:17:51.800,0,[],0,11
1247,2009-06-30 12:36:53.427,1,"[{'lat': -11.633, 'long': -14.159, 'Time': Timestamp('2009-07-02 03:20:49'), 'mag': 5.4}]",1,23
1248,2009-06-25 22:22:53.588,0,[],0,18
1249,2009-06-24 01:37:16.967,0,[],0,16
1250,2009-06-30 06:32:20.474,0,[],0,22
1251,2009-06-14 09:48:20.873,0,[],0,6
1252,2009-06-19 13:07:23.829,0,[],0,11
1253,2009-07-07 16:24:23.883,1,"[{'lat': -36.004, 'long': -102.686, 'Time': Timestamp('2009-07-08 19:23:37'), 'mag': 6.0}, {'lat': -36.009, 'long': -102.692, 'Time': Timestamp('2009-07-09 05:40:05'), 'mag': 5.1}]",2,29
1254,2009-06-16 19:38:48.814,0,[],0,8
1255,2009-07-05 10:25:20.833,0,[],0,16
1256,2009-06-27 13:44:23.789,0,[],0,8
1257,2009-07-19 17:00:53.843,0,[],0,30
1258,2009-07-08 20:15:23.895,0,[],0,19
1259,2009-07-14 23:28:53.949,1,"[{'lat': -40.177, 'long': 173.602, 'Time': Timestamp('2009-07-15 09:38:22'), 'mag': 5.4}]",1,25
1260,2009-07-06 07:39:22.715,0,[],0,16
1261,2009-07-20 10:56:23.002,0,[],0,30
1262,2009-07-18 14:14:51.606,0,[],0,28
1263,2009-07-13 17:30:53.244,0,[],0,23
1264,2009-06-29 20:44:53.297,0,[],0,9
1265,2009-07-01 23:58:53.350,0,[],0,11
1266,2009-06-27 06:31:24.306,0,[],0,6
1267,2009-07-15 09:47:36.993,0,[],0,24
1268,2009-06-30 13:06:23.564,0,[],0,9
1269,2009-07-11 22:51:23.724,0,[],0,20
1270,2009-07-07 07:02:01.682,0,[],0,15
1271,2009-07-21 10:17:21.010,0,[],0,29
1272,2009-07-09 13:36:53.966,0,[],0,17
1273,2009-06-28 16:53:24.019,0,[],0,6
1274,2009-07-10 20:07:24.072,0,[],0,18
1275,2009-07-14 23:21:23.125,1,"[{'lat': -40.177, 'long': 173.602, 'Time': Timestamp('2009-07-15 09:38:22'), 'mag': 5.4}]",1,22
1276,2009-07-21 07:31:52.891,0,[],0,28
1277,2009-07-22 10:48:23.179,1,"[{'lat': -56.287, 'long': -27.051, 'Time': Timestamp('2009-07-23 14:03:38'), 'mag': 5.2}]",1,29
1278,2009-07-23 14:06:46.136,0,[],0,30
1279,2009-07-15 17:23:23.421,0,[],0,22
1280,2009-07-08 20:37:23.473,0,[],0,15
1281,2009-07-10 08:01:50.636,0,[],0,16
1282,2009-07-08 12:58:21.943,0,[],0,14
1283,2009-07-06 22:43:53.122,0,[],0,12
1284,2009-07-25 06:53:24.216,0,[],0,30
1285,2009-07-17 10:09:50.408,0,[],0,22
1286,2009-07-15 13:28:53.363,0,[],0,20
1287,2009-07-14 16:45:23.417,0,[],0,19
1288,2009-07-25 19:59:53.470,0,[],0,30
1289,2009-07-03 23:13:23.523,0,[],0,8
1290,2009-07-21 07:23:53.289,0,[],0,25
1291,2009-07-05 10:40:20.809,0,[],0,9
1292,2009-07-16 13:59:24.725,1,"[{'lat': 3.337, 'long': -31.509, 'Time': Timestamp('2009-07-16 15:05:43'), 'mag': 5.2}]",1,20
1293,2009-07-10 17:15:23.819,0,[],0,14
1294,2009-07-17 20:29:23.871,0,[],0,21
1295,2009-07-14 23:43:23.924,1,"[{'lat': -46.036, 'long': 165.937, 'Time': Timestamp('2009-07-15 09:41:53'), 'mag': 5.7}, {'lat': -46.196, 'long': 165.791, 'Time': Timestamp('2009-07-15 09:52:16'), 'mag': 5.0}, {'lat': -46.138, 'long': 166.145, 'Time': Timestamp('2009-07-15 10:36:40'), 'mag': 5.0}, {'lat': -46.533, 'long': 165.955, 'Time': Timestamp('2009-07-15 21:36:00'), 'mag': 5.4}, {'lat': -46.198, 'long': 166.161, 'Time': Timestamp('2009-07-16 00:24:07'), 'mag': 5.2}, {'lat': -46.288, 'long': 165.867, 'Time': Timestamp('2009-07-16 00:44:46'), 'mag': 5.3}, {'lat': -46.37, 'long': 165.613, 'Time': Timestamp('2009-07-16 03:19:08'), 'mag': 5.2}, {'lat': -46.196, 'long': 166.13, 'Time': Timestamp('2009-07-16 22:18:23'), 'mag': 5.7}, {'lat': -46.139, 'long': 166.348, 'Time': Timestamp('2009-07-16 23:01:08'), 'mag': 5.0}]",9,18
1296,2009-07-25 07:53:45.498,0,[],0,28
1297,2009-07-24 11:10:53.112,0,[],0,27
1298,2009-07-18 14:29:20.365,0,[],0,21
1299,2009-07-09 17:45:23.220,1,"[{'lat': 22.191, 'long': -108.295, 'Time': Timestamp('2009-07-11 15:34:15'), 'mag': 5.1}]",1,12
1300,2009-07-12 20:59:23.273,0,[],0,15
1301,2009-07-04 00:12:50.748,0,[],0,6
1302,2009-07-06 03:29:53.792,1,"[{'lat': 24.874, 'long': 128.03, 'Time': Timestamp('2009-07-06 22:35:04'), 'mag': 5.7}]",1,8
1303,2009-07-03 08:24:20.557,0,[],0,5
1304,2009-07-11 11:41:23.513,0,[],0,13
1305,2009-07-28 14:59:51.212,0,[],0,30
1306,2009-07-19 21:28:53.673,1,"[{'lat': -15.029, 'long': -174.348, 'Time': Timestamp('2009-07-21 15:07:22'), 'mag': 5.1}]",1,21
1307,2009-07-20 00:42:52.588,0,[],0,21
1308,2009-07-09 07:15:49.370,0,[],0,10
1309,2009-07-15 10:32:19.769,0,[],0,16
1310,2009-07-16 13:51:23.942,0,[],0,17
1311,2009-07-10 17:07:53.995,0,[],0,11
1312,2009-07-11 20:21:54.049,0,[],0,12
1313,2009-07-19 23:35:23.101,1,"[{'lat': -6.51, 'long': 155.01, 'Time': Timestamp('2009-07-21 17:14:06'), 'mag': 5.0}]",1,20
1314,2009-07-06 07:46:18.771,0,[],0,6
1315,2009-07-26 11:02:53.289,0,[],0,26
1316,2009-07-22 14:21:24.638,0,[],0,22
1317,2009-07-08 17:37:23.396,0,[],0,8
1318,2009-07-18 06:37:58.665,0,[],0,17
1319,2009-07-22 09:53:50.981,0,[],0,21
1320,2009-07-19 13:12:53.937,0,[],0,18
1321,2009-07-23 05:29:55.615,0,[],0,21
1322,2009-08-01 08:44:51.572,0,[],0,30
1323,2009-07-29 12:03:53.311,0,[],0,27
1324,2009-07-27 15:21:53.890,0,[],0,25
1325,2009-07-20 18:37:19.301,0,[],0,18
1326,2009-07-20 21:50:51.663,0,[],0,18
1327,2009-07-19 01:04:51.058,0,[],0,16
1328,2009-07-27 05:59:55.904,0,[],0,24
1329,2009-07-09 09:15:23.412,0,[],0,6
1330,2009-07-23 12:34:23.712,1,"[{'lat': -56.287, 'long': -27.051, 'Time': Timestamp('2009-07-23 14:03:38'), 'mag': 5.2}]",1,20
1331,2009-07-12 15:51:49.760,0,[],0,9
1332,2009-07-18 19:06:51.253,0,[],0,15
1333,2009-07-19 22:20:23.873,1,"[{'lat': -22.949, 'long': 172.565, 'Time': Timestamp('2009-07-21 11:40:21'), 'mag': 5.1}]",1,16
1334,2009-07-30 01:34:50.800,0,[],0,26
1335,2009-07-27 06:29:52.086,0,[],0,23
1336,2009-07-23 09:45:52.486,0,[],0,19
1337,2009-07-19 13:04:53.114,0,[],0,15
1338,2009-07-22 16:22:23.168,0,[],0,18
1339,2009-07-10 19:36:53.220,0,[],0,6
1340,2009-07-15 22:50:23.273,1,"[{'lat': -17.534, 'long': 167.721, 'Time': Timestamp('2009-07-16 17:59:36'), 'mag': 5.8}]",1,11
1341,2009-08-04 02:04:50.860,1,"[{'lat': 24.233, 'long': 125.095, 'Time': Timestamp('2009-08-05 00:17:58'), 'mag': 6.1}]",1,30
1342,2009-07-13 05:21:55.791,0,[],0,8
1343,2009-07-22 08:36:50.420,0,[],0,17
1344,2009-07-15 11:55:53.488,0,[],0,10
1345,2009-07-28 15:14:21.299,0,[],0,23
1346,2009-07-14 21:43:20.513,1,"[{'lat': -40.177, 'long': 173.602, 'Time': Timestamp('2009-07-15 09:38:22'), 'mag': 5.4}]",1,9
1347,2009-07-24 00:57:21.235,1,"[{'lat': 44.857, 'long': 147.973, 'Time': Timestamp('2009-07-25 11:32:22'), 'mag': 5.0}]",1,18
1348,2009-08-02 05:52:26.081,0,[],0,27
1349,2009-07-29 09:07:20.821,0,[],0,23
1350,2009-07-17 12:26:53.890,0,[],0,11
1351,2009-07-17 15:44:24.032,0,[],0,11
1352,2009-07-11 18:59:19.990,0,[],0,5
1353,2009-08-03 04:44:32.085,0,[],0,27
1354,2009-07-31 08:00:47.418,0,[],0,24
1355,2009-07-27 11:17:23.263,0,[],0,20
1356,2009-08-06 14:36:19.300,1,"[{'lat': 46.65, 'long': -27.455, 'Time': Timestamp('2009-08-08 06:43:20'), 'mag': 5.1}]",1,30
1357,2009-07-28 17:51:53.371,0,[],0,21
1358,2009-07-12 21:05:53.424,0,[],0,5
1359,2009-08-06 00:19:48.243,0,[],0,29
1360,2009-07-21 06:52:20.448,1,"[{'lat': 26.77, 'long': 55.79, 'Time': Timestamp('2009-07-22 03:53:03'), 'mag': 5.3}]",1,13
1361,2009-07-14 10:08:24.832,0,[],0,6
1362,2009-07-26 13:27:23.692,0,[],0,18
1363,2009-07-29 23:12:23.852,1,"[{'lat': -20.849, 'long': -174.256, 'Time': Timestamp('2009-07-30 20:05:35'), 'mag': 5.8}, {'lat': -20.774, 'long': -174.127, 'Time': Timestamp('2009-07-31 08:07:12'), 'mag': 5.4}]",2,21
1364,2009-07-30 07:22:53.618,0,[],0,21
1365,2009-07-28 10:38:51.137,1,"[{'lat': -22.988, 'long': -13.568, 'Time': Timestamp('2009-07-30 08:34:42'), 'mag': 5.0}]",1,19
1366,2009-07-14 13:57:51.285,0,[],0,5
1367,2009-08-01 17:14:23.147,0,[],0,23
1368,2009-07-21 20:28:23.199,0,[],0,12
1369,2009-07-30 23:42:23.253,0,[],0,21
1370,2009-07-18 07:52:44.827,1,"[{'lat': 35.888, 'long': 43.353, 'Time': Timestamp('2009-07-18 20:32:29'), 'mag': 5.1}]",1,8
1371,2009-08-05 11:09:53.728,0,[],0,26
1372,2009-08-08 14:28:20.981,0,[],0,29
1373,2009-07-21 17:44:23.835,0,[],0,11
1374,2009-08-01 01:49:21.502,1,"[{'lat': -9.187, 'long': 123.184, 'Time': Timestamp('2009-08-01 22:00:50'), 'mag': 5.3}]",1,21
1375,2009-07-29 06:44:53.692,0,[],0,18
1376,2009-08-10 10:00:21.528,0,[],0,30
1377,2009-08-02 13:19:53.156,0,[],0,22
1378,2009-07-31 16:36:23.209,0,[],0,20
1379,2009-08-05 19:50:53.263,0,[],0,25
1380,2009-08-01 23:04:53.316,0,[],0,21
1381,2009-08-02 08:51:50.462,0,[],0,21
1382,2009-07-26 12:10:53.531,0,[],0,14
1383,2009-07-27 15:28:48.685,0,[],0,15
1384,2009-08-02 18:43:48.191,0,[],0,21
1385,2009-07-23 21:57:23.211,0,[],0,11
1386,2009-07-28 01:11:20.730,0,[],0,15
1387,2009-08-02 06:06:54.673,0,[],0,20
1388,2009-08-02 09:22:20.975,0,[],0,20
1389,2009-08-12 12:41:23.931,0,[],0,30
1390,2009-07-21 15:58:52.189,0,[],0,8
1391,2009-08-04 19:13:24.038,0,[],0,22
1392,2009-07-28 22:27:23.091,0,[],0,15
1393,2009-08-04 06:36:58.281,0,[],0,21
1394,2009-07-29 09:52:50.377,1,"[{'lat': 39.588, 'long': 39.726, 'Time': Timestamp('2009-07-30 07:37:51'), 'mag': 5.0}]",1,15
1395,2009-07-21 13:11:53.333,0,[],0,7
1396,2009-07-27 16:28:53.386,1,"[{'lat': -35.665, 'long': -103.331, 'Time': Timestamp('2009-07-29 06:48:11'), 'mag': 5.3}]",1,13
1397,2009-07-22 19:43:23.440,0,[],0,8
1398,2009-07-31 22:56:53.493,0,[],0,17
1399,2009-07-24 08:43:50.640,0,[],0,9
1400,2009-08-12 12:02:53.869,0,[],0,28
1401,2009-07-20 15:20:54.447,0,[],0,5
1402,2009-08-12 18:35:44.980,1,"[{'lat': -57.25, 'long': -141.75, 'Time': Timestamp('2009-08-13 12:14:48'), 'mag': 5.2}]",1,28
1403,2009-08-06 21:49:48.125,0,[],0,22
1404,2009-07-22 01:03:42.423,0,[],0,6
1405,2009-08-05 07:37:25.700,0,[],0,20
1406,2009-08-10 20:42:53.403,0,[],0,25
1407,2009-07-30 23:56:23.457,0,[],0,14
1408,2009-08-08 08:07:19.127,0,[],0,22
1409,2009-07-25 11:24:23.644,0,[],0,8
1410,2009-07-27 14:42:48.576,1,"[{'lat': -23.898, 'long': -71.502, 'Time': Timestamp('2009-07-29 06:30:32'), 'mag': 5.0}]",1,10
1411,2009-08-10 17:58:23.752,0,[],0,24
1412,2009-07-28 22:49:23.831,1,"[{'lat': -10.796, 'long': 164.946, 'Time': Timestamp('2009-07-29 09:09:57'), 'mag': 5.0}]",1,11
1413,2009-08-06 08:35:50.978,0,[],0,19
1414,2009-08-12 11:54:54.045,0,[],0,25
1415,2009-08-05 15:12:52.184,0,[],0,18
1416,2009-07-25 18:28:20.363,0,[],0,7
1417,2009-07-24 21:41:48.741,0,[],0,6
1418,2009-08-12 00:55:48.024,0,[],0,24
1419,2009-08-17 05:50:58.406,0,[],0,29
1420,2009-08-15 09:06:21.707,0,[],0,27
1421,2009-08-15 12:25:23.447,1,"[{'lat': -56.159, 'long': -27.633, 'Time': Timestamp('2009-08-15 21:14:19'), 'mag': 5.0}]",1,27
1422,2009-07-30 22:11:53.607,0,[],0,11
1423,2009-08-01 01:25:50.535,0,[],0,12
1424,2009-08-03 06:21:26.620,1,"[{'lat': 50.645, 'long': 96.867, 'Time': Timestamp('2009-08-04 16:20:38'), 'mag': 5.3}]",1,14
1425,2009-07-25 09:36:50.781,0,[],0,5
1426,2009-07-29 12:55:53.848,0,[],0,9
1427,2009-08-18 16:13:23.902,0,[],0,29
1428,2009-08-03 19:27:54.268,0,[],0,14
1429,2009-08-12 22:41:24.008,0,[],0,23
1430,2009-08-18 08:29:54.363,0,[],0,28
1431,2009-08-14 11:46:53.223,0,[],0,24
1432,2009-08-18 15:05:22.362,0,[],0,28
1433,2009-07-31 18:20:20.540,0,[],0,10
1434,2009-08-07 07:21:19.079,0,[],0,16
1435,2009-08-14 10:37:50.921,0,[],0,23
1436,2009-08-16 13:56:54.837,0,[],0,25
1437,2009-08-18 06:13:20.565,0,[],0,26
1438,2009-08-06 09:28:50.183,0,[],0,14
1439,2009-08-04 12:48:23.251,0,[],0,12
1440,2009-08-10 16:05:23.305,0,[],0,18
1441,2009-08-18 19:19:53.358,0,[],0,26
1442,2009-08-13 22:33:53.411,0,[],0,21
1443,2009-08-12 06:43:24.516,0,[],0,19
1444,2009-08-15 09:59:20.585,0,[],0,22
1445,2009-08-01 13:18:23.653,0,[],0,8
1446,2009-08-22 16:35:19.588,0,[],0,29
1447,2009-08-01 19:49:53.759,1,"[{'lat': 29.039, 'long': -112.903, 'Time': Timestamp('2009-08-03 17:59:56'), 'mag': 6.9}, {'lat': 29.31, 'long': -113.728, 'Time': Timestamp('2009-08-03 18:40:50'), 'mag': 6.2}]",2,8
1448,2009-08-20 00:40:53.839,0,[],0,26
1449,2009-08-09 05:35:26.330,1,"[{'lat': 14.099, 'long': 92.902, 'Time': Timestamp('2009-08-10 19:55:38'), 'mag': 7.5}]",1,15
1450,2009-07-31 08:50:23.615,0,[],0,6
1451,2009-08-06 12:09:54.027,0,[],0,12
1452,2009-07-30 15:27:22.277,1,"[{'lat': -42.009, 'long': -89.713, 'Time': Timestamp('2009-08-01 07:41:43'), 'mag': 5.1}]",1,5
1453,2009-07-31 18:42:51.783,0,[],0,6
1454,2009-07-30 21:56:21.379,0,[],0,5
1455,2009-08-18 01:10:24.210,1,"[{'lat': -6.633, 'long': 154.568, 'Time': Timestamp('2009-08-18 17:59:13'), 'mag': 5.6}]",1,23
1456,2009-08-01 06:05:23.287,0,[],0,6
1457,2009-08-22 09:20:51.688,0,[],0,27
1458,2009-08-24 12:40:23.428,0,[],0,29
1459,2009-08-20 22:26:23.588,0,[],0,25
1460,2009-08-18 01:40:17.302,0,[],0,22
1461,2009-08-16 04:57:27.311,1,"[{'lat': -1.479, 'long': 99.49, 'Time': Timestamp('2009-08-16 07:38:21'), 'mag': 6.7}, {'lat': -1.548, 'long': 99.415, 'Time': Timestamp('2009-08-16 10:45:26'), 'mag': 5.4}, {'lat': -1.448, 'long': 99.433, 'Time': Timestamp('2009-08-16 12:49:00'), 'mag': 5.8}, {'lat': -1.565, 'long': 99.427, 'Time': Timestamp('2009-08-16 12:57:56'), 'mag': 5.0}, {'lat': -1.462, 'long': 99.404, 'Time': Timestamp('2009-08-16 18:50:11'), 'mag': 5.2}, {'lat': -1.379, 'long': 99.546, 'Time': Timestamp('2009-08-16 20:23:44'), 'mag': 5.0}, {'lat': -4.317, 'long': 101.81, 'Time': Timestamp('2009-08-17 00:07:14'), 'mag': 5.3}, {'lat': -1.436, 'long': 99.45, 'Time': Timestamp('2009-08-17 13:55:37'), 'mag': 5.0}]",8,20
1462,2009-08-19 08:12:19.284,0,[],0,23
1463,2009-08-16 11:31:23.802,0,[],0,20
1464,2009-08-07 14:49:22.829,0,[],0,11
1465,2009-08-23 18:05:23.888,0,[],0,27
1466,2009-08-20 21:18:53.962,1,"[{'lat': -21.298, 'long': -174.487, 'Time': Timestamp('2009-08-22 01:26:43'), 'mag': 5.1}]",1,24
1467,2009-08-13 00:32:51.337,0,[],0,16
1468,2009-08-26 07:05:52.754,0,[],0,29
1469,2009-08-11 10:22:21.602,0,[],0,14
1470,2009-08-25 13:41:23.230,0,[],0,28
1471,2009-08-07 16:57:51.934,0,[],0,10
1472,2009-08-24 20:11:53.337,0,[],0,27
1473,2009-08-09 23:25:53.390,0,[],0,12
1474,2009-08-04 07:36:27.252,0,[],0,6
1475,2009-08-06 10:52:53.443,0,[],0,8
1476,2009-08-07 08:06:20.901,0,[],0,8
1477,2009-08-17 11:23:19.443,0,[],0,18
1478,2009-08-04 14:41:56.361,0,[],0,5
1479,2009-08-10 17:57:15.567,0,[],0,11
1480,2009-08-29 21:11:23.398,0,[],0,30
1481,2009-08-27 00:25:18.217,0,[],0,27
1482,2009-08-19 05:19:55.943,0,[],0,19
1483,2009-08-19 08:34:53.585,0,[],0,19
1484,2009-08-07 11:53:53.640,0,[],0,7
1485,2009-08-06 15:11:55.546,0,[],0,6
1486,2009-08-23 18:27:20.956,0,[],0,23
1487,2009-08-09 09:05:22.301,0,[],0,8
1488,2009-08-20 12:24:24.041,0,[],0,19
1489,2009-08-11 15:42:23.095,1,"[{'lat': -27.893, 'long': -66.672, 'Time': Timestamp('2009-08-12 18:00:52'), 'mag': 5.5}]",1,10
1490,2009-08-13 18:56:53.148,0,[],0,12
1491,2009-08-22 22:10:51.281,0,[],0,21
1492,2009-08-20 01:24:50.129,0,[],0,18
1493,2009-08-23 06:20:26.214,0,[],0,21
1494,2009-08-08 09:35:50.374,0,[],0,6
1495,2009-08-25 12:54:53.442,0,[],0,23
1496,2009-08-25 22:40:23.602,0,[],0,23
1497,2009-08-28 08:28:56.642,0,[],0,25
1498,2009-08-25 11:45:53.816,0,[],0,22
1499,2009-08-14 15:04:23.870,0,[],0,11
1500,2009-08-18 18:19:21.133,0,[],0,15
1501,2009-08-08 21:33:24.936,1,"[{'lat': -32.317, 'long': -179.096, 'Time': Timestamp('2009-08-10 14:23:18'), 'mag': 5.3}]",1,5
1502,2009-08-19 00:47:24.030,0,[],0,15
1503,2009-08-18 05:42:25.990,0,[],0,14
1504,2009-08-16 08:57:21.478,0,[],0,12
1505,2009-08-29 12:16:23.217,0,[],0,25
1506,2009-08-15 15:34:23.271,0,[],0,11
1507,2009-08-31 18:49:20.758,0,[],0,27
1508,2009-08-25 22:02:51.570,0,[],0,21
1509,2009-08-31 01:17:20.306,0,[],0,26
1510,2009-09-04 11:07:23.788,0,[],0,30
1511,2009-08-29 14:26:23.843,0,[],0,24
1512,2009-08-27 20:54:53.470,0,[],0,22
1513,2009-09-02 00:09:54.002,0,[],0,27
1514,2009-08-27 06:42:25.988,0,[],0,21
1515,2009-08-23 09:58:20.149,0,[],0,17
1516,2009-09-05 13:17:23.217,0,[],0,30
1517,2009-09-01 16:34:19.152,0,[],0,26
1518,2009-09-03 19:48:55.289,0,[],0,28
1519,2009-08-13 23:02:19.694,0,[],0,7
1520,2009-08-17 07:12:52.595,0,[],0,10
1521,2009-09-03 10:28:52.649,0,[],0,27
1522,2009-08-27 13:47:53.618,0,[],0,20
1523,2009-08-23 17:04:23.650,0,[],0,16
1524,2009-08-16 20:18:23.725,0,[],0,9
1525,2009-09-02 23:32:23.778,0,[],0,26
1526,2009-08-30 12:39:23.993,0,[],0,22
1527,2009-08-19 15:56:54.046,0,[],0,11
1528,2009-08-13 19:11:23.100,0,[],0,5
1529,2009-09-07 22:25:23.153,0,[],0,30
1530,2009-09-02 01:39:20.081,0,[],0,24
1531,2009-08-24 06:34:56.166,0,[],0,15
1532,2009-08-24 09:50:24.423,0,[],0,15
1533,2009-08-14 13:09:53.394,0,[],0,5
1534,2009-09-04 16:26:53.447,0,[],0,26
1535,2009-09-05 19:41:23.501,0,[],0,27
1536,2009-09-08 22:54:53.553,0,[],0,30
1537,2009-09-06 07:04:56.567,0,[],0,27
1538,2009-09-06 10:21:22.167,0,[],0,27
1539,2009-08-18 13:40:23.796,0,[],0,8
1540,2009-08-28 16:56:52.499,0,[],0,18
1541,2009-08-24 20:10:53.902,0,[],0,14
1542,2009-08-19 23:24:53.955,0,[],0,9
1543,2009-08-28 07:35:25.968,0,[],0,17
1544,2009-08-21 10:51:53.232,0,[],0,10
1545,2009-09-09 14:10:23.197,0,[],0,29
1546,2009-09-09 17:26:53.228,0,[],0,29
1547,2009-09-04 20:37:54.720,0,[],0,24
1548,2009-08-28 23:54:23.356,0,[],0,17
1549,2009-09-04 08:05:26.369,0,[],0,23
1550,2009-09-06 11:22:23.775,0,[],0,25
1551,2009-08-18 14:40:53.830,0,[],0,6
1552,2009-08-21 17:56:21.093,0,[],0,9
1553,2009-09-04 21:09:26.224,0,[],0,23
1554,2009-08-18 00:24:23.989,0,[],0,5
1555,2009-09-04 05:18:56.949,0,[],0,22
1556,2009-08-23 08:33:53.122,0,[],0,10
1557,2009-08-23 11:52:53.177,0,[],0,10
1558,2009-08-20 15:10:53.231,0,[],0,7
1559,2009-08-27 18:26:20.494,1,"[{'lat': -36.278, 'long': -110.805, 'Time': Timestamp('2009-08-28 14:30:51'), 'mag': 5.2}]",1,14
1560,2009-09-11 21:38:52.857,0,[],0,29
1561,2009-09-12 00:53:50.265,0,[],0,29
1562,2009-09-02 05:48:56.350,1,"[{'lat': 24.332, 'long': 94.669, 'Time': Timestamp('2009-09-03 19:51:06'), 'mag': 5.9}]",1,19
1563,2009-09-10 09:04:25.488,0,[],0,27
1564,2009-08-20 12:23:21.670,0,[],0,6
1565,2009-09-09 15:41:21.835,0,[],0,26
1566,2009-08-26 18:55:50.449,0,[],0,12
1567,2009-09-02 22:09:47.723,0,[],0,19
1568,2009-08-27 01:23:50.666,1,"[{'lat': -9.202, 'long': 154.166, 'Time': Timestamp('2009-08-28 02:52:48'), 'mag': 5.1}]",1,12
1569,2009-08-28 06:19:26.751,1,"[{'lat': 12.92, 'long': 57.6, 'Time': Timestamp('2009-08-29 13:59:06'), 'mag': 5.3}]",1,13
1570,2009-09-05 09:34:55.008,0,[],0,21
1571,2009-08-25 12:53:53.979,0,[],0,10
1572,2009-08-26 16:11:24.034,0,[],0,11
1573,2009-09-09 19:25:53.086,0,[],0,25
1574,2009-08-23 22:39:23.140,0,[],0,8
1575,2009-09-12 06:49:26.152,0,[],0,27
1576,2009-09-12 10:05:23.081,0,[],0,27
1577,2009-09-05 13:24:23.381,0,[],0,20
1578,2009-09-12 16:41:17.988,0,[],0,27
1579,2009-09-14 19:55:23.488,0,[],0,29
1580,2009-09-08 23:09:23.541,0,[],0,23
1581,2009-09-13 07:19:26.554,0,[],0,27
1582,2009-09-08 15:33:23.809,0,[],0,22
1583,2009-08-28 18:48:21.296,0,[],0,11
1584,2009-09-04 22:01:52.107,0,[],0,18
1585,2009-09-16 01:16:20.843,0,[],0,29
1586,2009-08-26 06:11:26.928,0,[],0,8
1587,2009-09-05 09:26:54.185,0,[],0,18
1588,2009-09-12 12:45:53.156,0,[],0,25
1589,2009-08-24 16:03:23.211,1,"[{'lat': -21.177, 'long': -68.837, 'Time': Timestamp('2009-08-25 21:35:00'), 'mag': 5.1}]",1,6
1590,2009-09-04 19:18:23.264,0,[],0,17
1591,2009-09-18 00:08:53.343,0,[],0,30
1592,2009-09-11 06:41:26.330,0,[],0,23
1593,2009-09-01 09:57:20.724,0,[],0,13
1594,2009-09-16 13:16:23.792,0,[],0,28
1595,2009-09-09 23:01:23.952,0,[],0,21
1596,2009-08-30 07:11:55.965,0,[],0,10
1597,2009-08-28 10:27:48.797,0,[],0,8
1598,2009-09-04 13:46:53.193,0,[],0,15
1599,2009-08-31 17:03:23.224,0,[],0,11
1600,2009-09-19 20:14:20.732,0,[],0,30
1601,2009-09-07 23:31:23.352,0,[],0,18
1602,2009-09-19 07:41:56.366,0,[],0,29
1603,2009-08-30 10:58:20.973,0,[],0,9
1604,2009-09-14 14:17:19.030,0,[],0,24
1605,2009-09-12 17:33:19.084,0,[],0,22
1606,2009-09-16 20:44:17.361,0,[],0,26
1607,2009-09-15 00:01:25.718,0,[],0,24
1608,2009-09-13 03:17:54.444,0,[],0,22
1609,2009-09-15 06:33:56.741,0,[],0,24
1610,2009-09-06 09:49:24.997,0,[],0,15
1611,2009-09-08 13:08:53.968,0,[],0,17
1612,2009-09-05 16:25:54.023,0,[],0,14
1613,2009-09-14 19:40:24.076,0,[],0,23
1614,2009-08-27 22:53:53.129,0,[],0,5
1615,2009-09-22 07:03:56.142,0,[],0,30
1616,2009-09-15 10:20:21.742,0,[],0,23
1617,2009-09-01 13:39:23.370,0,[],0,9
1618,2009-09-08 23:23:53.529,1,"[{'lat': -32.251, 'long': 179.665, 'Time': Timestamp('2009-09-09 10:33:06'), 'mag': 5.1}]",1,16
1619,2009-08-29 07:34:26.543,0,[],0,5
1620,2009-09-11 10:50:53.807,0,[],0,18
1621,2009-09-07 14:09:23.771,0,[],0,14
1622,2009-09-22 17:25:53.802,0,[],0,29
1623,2009-09-06 20:36:55.294,0,[],0,13
1624,2009-09-02 23:53:23.931,1,"[{'lat': -4.78, 'long': 153.237, 'Time': Timestamp('2009-09-04 09:59:40'), 'mag': 5.0}]",1,9
1625,2009-09-20 09:41:50.078,0,[],0,26
1626,2009-09-07 13:00:53.146,0,[],0,13
1627,2009-09-13 16:17:53.199,0,[],0,19
1628,2009-08-31 19:32:23.252,0,[],0,6
1629,2009-09-20 06:56:26.318,1,"[{'lat': 30.879, 'long': 79.057, 'Time': Timestamp('2009-09-21 09:43:50'), 'mag': 5.0}]",1,25
1630,2009-09-17 10:12:19.387,0,[],0,22
1631,2009-09-03 13:31:23.783,1,"[{'lat': 19.051, 'long': -46.172, 'Time': Timestamp('2009-09-04 00:42:53'), 'mag': 5.0}]",1,8
1632,2009-09-09 23:15:53.943,0,[],0,14
1633,2009-09-06 09:03:21.417,0,[],0,10
1634,2009-09-09 12:22:23.157,1,"[{'lat': -55.982, 'long': -26.644, 'Time': Timestamp('2009-09-11 08:12:03'), 'mag': 5.0}]",1,13
1635,2009-09-07 15:40:23.211,0,[],0,11
1636,2009-09-09 18:55:23.264,1,"[{'lat': -29.926, 'long': -111.824, 'Time': Timestamp('2009-09-10 19:46:03'), 'mag': 5.5}, {'lat': -29.918, 'long': -111.981, 'Time': Timestamp('2009-09-10 23:31:23'), 'mag': 5.3}, {'lat': -29.916, 'long': -111.924, 'Time': Timestamp('2009-09-10 23:35:24'), 'mag': 5.1}]",3,13
1637,2009-09-12 07:56:51.781,0,[],0,15
1638,2009-09-13 11:13:23.531,0,[],0,16
1639,2009-09-21 14:31:53.586,0,[],0,24
1640,2009-09-06 17:47:48.851,0,[],0,9
1641,2009-09-26 21:01:44.908,0,[],0,29
1642,2009-09-28 00:15:21.390,0,[],0,30
1643,2009-09-26 05:10:24.239,0,[],0,28
1644,2009-09-19 08:26:55.286,0,[],0,21
1645,2009-09-18 11:43:53.932,0,[],0,20
1646,2009-09-21 15:02:23.986,0,[],0,23
1647,2009-09-28 18:17:49.922,0,[],0,30
1648,2009-09-27 21:31:24.053,0,[],0,29
1649,2009-09-04 00:45:23.146,0,[],0,5
1650,2009-09-12 05:40:26.106,0,[],0,13
1651,2009-09-09 13:53:53.361,0,[],0,10
1652,2009-09-20 23:37:53.520,1,"[{'lat': -6.13, 'long': 154.706, 'Time': Timestamp('2009-09-22 22:58:30'), 'mag': 5.6}]",1,21
1653,2009-09-09 07:48:53.287,0,[],0,9
1654,2009-09-12 11:05:23.708,0,[],0,12
1655,2009-09-19 14:24:23.763,0,[],0,19
1656,2009-09-25 17:40:23.793,0,[],0,25
1657,2009-09-18 20:53:46.637,0,[],0,18
1658,2009-09-23 00:07:53.922,1,"[{'lat': -52.963, 'long': 159.911, 'Time': Timestamp('2009-09-23 02:59:30'), 'mag': 6.0}]",1,22
1659,2009-09-17 08:17:23.799,0,[],0,16
1660,2009-09-25 11:36:23.110,0,[],0,24
1661,2009-09-11 14:54:23.164,0,[],0,10
1662,2009-09-25 18:09:50.426,0,[],0,24
1663,2009-09-12 21:23:52.902,0,[],0,11
1664,2009-09-15 00:37:53.323,0,[],0,13
1665,2009-09-11 07:10:53.062,0,[],0,9
1666,2009-09-23 10:26:49.379,0,[],0,21
1667,2009-09-13 13:45:53.775,0,[],0,11
1668,2009-09-07 23:30:23.935,0,[],0,5
1669,2009-09-14 07:40:53.701,0,[],0,11
1670,2009-09-15 10:57:53.122,0,[],0,12
1671,2009-09-18 14:16:23.177,0,[],0,15
1672,2009-09-15 17:32:23.208,0,[],0,12
1673,2009-09-11 20:46:18.596,0,[],0,8
1674,2009-09-24 00:00:23.336,0,[],0,20
1675,2009-09-11 06:32:56.323,0,[],0,7
1676,2009-09-23 09:48:53.251,0,[],0,19
1677,2009-09-14 13:07:53.551,0,[],0,10
1678,2009-09-30 16:24:53.605,0,[],0,26
1679,2009-09-21 19:39:23.658,0,[],0,17
1680,2009-09-21 22:52:53.710,1,"[{'lat': 51.432, 'long': -178.12, 'Time': Timestamp('2009-09-22 10:45:25'), 'mag': 5.2}]",1,17
1681,2009-10-04 08:39:53.871,0,[],0,29
1682,2009-09-26 11:58:53.925,0,[],0,21
1683,2009-09-21 15:16:53.979,0,[],0,16
1684,2009-09-30 18:32:21.242,1,"[{'lat': 36.3878333, 'long': -117.8586667, 'Time': Timestamp('2009-10-01 10:01:24'), 'mag': 5.0}]",1,25
1685,2009-09-11 21:45:54.045,0,[],0,6
1686,2009-09-20 00:59:54.109,0,[],0,14
1687,2009-09-25 05:54:56.098,0,[],0,19
1688,2009-09-19 09:10:21.587,0,[],0,13
1689,2009-09-21 12:29:23.326,0,[],0,15
1690,2009-09-24 15:46:53.380,0,[],0,18
1691,2009-09-12 19:01:53.433,0,[],0,6
1692,2009-10-01 22:15:20.239,1,"[{'lat': -17.017, 'long': 174.505, 'Time': Timestamp('2009-10-02 15:47:09'), 'mag': 6.0}]",1,25
1693,2009-09-23 01:29:50.414,0,[],0,16
1694,2009-09-15 06:24:55.796,0,[],0,8
1695,2009-09-30 09:40:50.660,0,[],0,23
1696,2009-10-04 10:56:53.581,0,[],0,18
1697,2009-09-24 14:15:23.513,0,[],0,8
1698,2009-10-03 20:45:23.876,0,[],0,17
1699,2009-10-05 23:59:23.929,0,[],0,19
1700,2009-10-17 04:54:02.938,0,[],0,30
1701,2009-10-02 08:10:20.269,0,[],0,15
1702,2009-10-16 11:27:23.116,0,[],0,29
1703,2009-10-16 14:45:52.144,0,[],0,29
1704,2009-09-24 18:01:20.434,0,[],0,7
1705,2009-10-17 21:15:23.277,0,[],0,30
1706,2009-10-12 00:29:20.651,1,"[{'lat': -12.414, 'long': 166.498, 'Time': Timestamp('2009-10-12 09:37:21'), 'mag': 6.2}, {'lat': -11.805, 'long': 166.992, 'Time': Timestamp('2009-10-12 11:02:56'), 'mag': 5.0}, {'lat': -11.682, 'long': 166.348, 'Time': Timestamp('2009-10-12 12:44:38'), 'mag': 5.5}, {'lat': 47.406, 'long': 153.883, 'Time': Timestamp('2009-10-12 16:51:13'), 'mag': 5.0}]",4,24
1707,2009-10-12 05:23:55.822,0,[],0,24
1708,2009-10-05 08:38:51.779,0,[],0,17
1709,2009-10-18 11:57:53.518,0,[],0,30
1710,2009-10-14 15:15:55.425,0,[],0,26
1711,2009-09-28 18:31:20.835,0,[],0,10
1712,2009-09-27 21:44:50.543,0,[],0,9
1713,2009-09-28 00:58:53.598,0,[],0,9
1714,2009-10-03 05:53:56.111,0,[],0,14
1715,2009-10-15 09:09:23.619,0,[],0,26
1716,2009-10-10 12:28:23.919,0,[],0,21
1717,2009-10-05 15:46:22.735,0,[],0,16
1718,2009-10-12 19:00:48.692,1,"[{'lat': 15.216, 'long': -105.208, 'Time': Timestamp('2009-10-12 20:03:37'), 'mag': 5.3}, {'lat': 15.75, 'long': -105.25, 'Time': Timestamp('2009-10-12 20:10:00'), 'mag': 5.1}]",2,23
1719,2009-09-29 22:14:54.079,0,[],0,10
1720,2009-10-10 01:28:51.447,0,[],0,20
1721,2009-10-18 06:24:24.062,0,[],0,28
1722,2009-10-16 09:39:51.692,0,[],0,26
1723,2009-10-15 14:37:49.553,0,[],0,25
1724,2009-10-07 21:07:23.454,0,[],0,17
1725,2009-10-02 00:21:15.505,0,[],0,11
1726,2009-10-16 06:54:26.906,0,[],0,25
1727,2009-10-03 10:10:24.862,0,[],0,12
1728,2009-09-28 13:29:23.722,0,[],0,7
1729,2009-10-10 16:46:22.425,0,[],0,19
1730,2009-10-18 00:51:22.769,0,[],0,26
1731,2009-10-03 05:46:24.960,0,[],0,11
1732,2009-10-21 09:01:21.028,0,[],0,29
1733,2009-10-20 12:20:53.096,0,[],0,28
1734,2009-10-11 15:38:23.240,0,[],0,19
1735,2009-10-06 18:53:23.203,0,[],0,14
1736,2009-10-21 22:06:53.256,0,[],0,29
1737,2009-10-08 01:21:20.296,0,[],0,15
1738,2009-10-19 06:16:25.566,0,[],0,26
1739,2009-10-01 14:30:21.191,0,[],0,8
1740,2009-09-28 20:59:53.876,0,[],0,5
1741,2009-10-19 00:13:48.695,0,[],0,25
1742,2009-10-09 05:08:23.529,0,[],0,15
1743,2009-10-05 08:23:22.377,0,[],0,11
1744,2009-10-03 11:42:23.117,0,[],0,9
1745,2009-10-17 15:00:23.583,0,[],0,23
1746,2009-10-10 18:15:50.433,0,[],0,16
1747,2009-10-10 21:29:53.277,0,[],0,16
1748,2009-10-10 00:43:50.864,1,"[{'lat': 47.851, 'long': 152.455, 'Time': Timestamp('2009-10-10 21:24:38'), 'mag': 6.0}]",1,15
1749,2009-10-06 05:38:24.382,1,"[{'lat': -2.264, 'long': 68.697, 'Time': Timestamp('2009-10-06 11:13:34'), 'mag': 5.3}]",1,11
1750,2009-10-19 08:53:50.450,0,[],0,24
1751,2009-10-05 12:12:53.518,0,[],0,10
1752,2009-10-09 15:30:50.112,0,[],0,14
1753,2009-10-06 18:45:52.275,0,[],0,11
1754,2009-10-06 21:59:20.431,0,[],0,11
1755,2009-10-05 01:13:22.045,0,[],0,9
1756,2009-10-16 06:08:54.660,0,[],0,20
1757,2009-10-08 09:24:20.963,0,[],0,12
1758,2009-10-16 12:43:23.919,0,[],0,20
1759,2009-10-06 16:00:53.973,0,[],0,10
1760,2009-10-07 19:15:24.026,0,[],0,11
1761,2009-10-17 22:29:24.079,0,[],0,21
1762,2009-10-02 06:38:47.421,0,[],0,5
1763,2009-10-25 09:54:54.461,0,[],0,28
1764,2009-10-02 13:13:53.321,0,[],0,5
1765,2009-10-04 22:58:53.480,0,[],0,7
1766,2009-10-14 08:45:50.627,0,[],0,16
1767,2009-10-16 12:04:53.695,0,[],0,18
1768,2009-10-25 15:22:48.849,0,[],0,27
1769,2009-10-28 18:37:52.452,0,[],0,30
1770,2009-10-10 21:51:52.047,0,[],0,12
1771,2009-10-12 01:05:49.566,0,[],0,13
1772,2009-10-11 06:00:56.165,0,[],0,12
1773,2009-10-05 09:16:22.468,0,[],0,6
1774,2009-10-13 12:35:23.096,0,[],0,14
1775,2009-10-28 15:52:52.681,0,[],0,29
1776,2009-10-20 19:07:53.203,0,[],0,21
1777,2009-10-19 22:21:23.256,0,[],0,20
1778,2009-10-24 01:35:50.731,0,[],0,24
1779,2009-10-27 06:30:48.814,0,[],0,27
1780,2009-10-10 09:46:52.114,0,[],0,10
1781,2009-10-12 13:05:53.742,0,[],0,12
1782,2009-10-06 22:51:23.901,1,"[{'lat': -12.097, 'long': 166.641, 'Time': Timestamp('2009-10-07 22:26:38'), 'mag': 5.6}, {'lat': -11.507, 'long': 166.03, 'Time': Timestamp('2009-10-07 22:29:18'), 'mag': 5.5}, {'lat': -12.048, 'long': 165.949, 'Time': Timestamp('2009-10-07 22:44:00'), 'mag': 5.1}, {'lat': -12.107, 'long': 166.015, 'Time': Timestamp('2009-10-07 23:26:06'), 'mag': 5.3}, {'lat': -11.26, 'long': 167.074, 'Time': Timestamp('2009-10-08 00:25:07'), 'mag': 5.2}, {'lat': -11.293, 'long': 165.668, 'Time': Timestamp('2009-10-08 01:42:44'), 'mag': 5.0}, {'lat': -11.898, 'long': 165.96, 'Time': Timestamp('2009-10-08 01:59:19'), 'mag': 5.9}, {'lat': -11.889, 'long': 165.834, 'Time': Timestamp('2009-10-08 02:02:39'), 'mag': 5.3}, {'lat': -11.66, 'long': 166.177, 'Time': Timestamp('2009-10-08 02:12:39'), 'mag': 5.8}, {'lat': -11.437, 'long': 165.717, 'Time': Timestamp('2009-10-08 06:07:11'), 'mag': 5.0}, {'lat': -11.263, 'long': 165.819, 'Time': Timestamp('2009-10-08 10:11:07'), 'mag': 6.1}, {'lat': -12.035, 'long': 165.978, 'Time': Timestamp('2009-10-08 18:10:49'), 'mag': 5.2}, {'lat': -11.643, 'long': 166.074, 'Time': Timestamp('2009-10-08 18:51:26'), 'mag': 5.2}, {'lat': -10.869, 'long': 165.453, 'Time': Timestamp('2009-10-08 22:43:32'), 'mag': 5.3}]",14,6
