Naming,RST_Median,RST_99.7,Q_all,Q_tr_all,z_va_all,z_tr_all,avg_train_all,err_train_all,avg_val_all,err_val_all,z_tr_err32_all,z_va_err32_all,z_tr_err68_all,z_va_err68_all,mode,tw,label_name
sw5_tw48-30dBG_A,11.5,19,1.110771232,1.555678143,0.317472763,1.233596959,20.2543252,1.696526137,16.42590946,2.831878686,0.759358804,0.033179519,1.924402753,0.690392759,all,48,SW05x05_WG_TW48
sw5_tw48-30dBG_B,11.5,19,1.076723886,1.378225407,-0.00711397,1.006002203,18.60725948,1.644311765,13.17704469,2.721194156,0.347254022,-0.529250203,1.635073731,0.621512423,all,48,SW05x05_WG_TW48
sw5_tw48-30dBG_C,11.5,19,1.226822605,1.457794954,0.242805547,1.072643263,19.07935533,1.653735102,15.39396236,2.579742171,0.383280383,-0.339794954,1.610178105,1.151214354,all,48,SW05x05_WG_TW48
sw5_tw48-30dBG_D,11.5,19,0.903610347,1.600003429,0.121843503,1.065644906,19.38536022,1.650474747,14.26135248,2.548159987,0.404929913,-0.220420523,1.818179716,0.708909531,all,48,SW05x05_WG_TW48
sw5_tw48-30dBG_E,11.5,19,0.859690253,2.265601531,0.617635187,2.14228787,27.58079157,1.903976953,17.37897651,2.267117516,1.914210751,0.530151568,2.477416298,1.046681176,all,48,SW05x05_WG_TW48
sw5_tw48-30dBG_In-A,11.5,19,0.970805556,1.110518105,0.023584533,0.863139376,17.29981011,1.565929521,14.04955774,2.313988932,0.771016885,-0.420560111,1.194719698,0.671984003,all,48,SW05x05_WG_TW48
sw5_tw48-30dBG_In-B,11.5,19,0.699309814,1.562423178,0.259934343,1.173108481,19.89033969,1.628226875,14.95702441,2.645510408,0.573589062,-0.04224837,1.818179716,0.83457007,all,48,SW05x05_WG_TW48
sw5_tw48-30dBG_In-C,11.5,19,0.892874863,1.518527432,0.327788956,1.183944319,19.94717882,1.641046433,16.85039174,2.609237109,1.141886087,-0.010960533,1.581146875,0.783578828,all,48,SW05x05_WG_TW48
sw5_tw48-30dBG_In-D,11.5,19,0.931862779,1.574101255,0.305193508,1.085306883,19.5059462,1.613117428,16.22303804,2.403240866,0.786388242,-0.037123106,1.85903473,0.75107391,all,48,SW05x05_WG_TW48
sw5_tw48-30dBG_In-E,11.5,19,1.002647849,1.934904972,0.129271638,1.69338582,23.90212426,1.751364791,14.16575021,2.160133904,1.406967553,-0.158113883,2.137477025,0.64709659,all,48,SW05x05_WG_TW48
tw48-30dBG_A,17,24.0015,1.027071557,1.140235072,0.334487821,0.674086255,22.17238284,1.764461547,21.86529499,2.868123662,0.601915277,-0.127748743,1.038412441,0.970463468,all,48,SW10x10_gap_TW48
tw48-30dBG_B,17,24.0015,0.942556061,1.272008065,0.513574672,0.943485189,24.06756129,1.816833765,22.8714983,2.944532222,0.486839311,-0.030983867,1.149327695,0.833690854,all,48,SW10x10_gap_TW48
tw48-30dBG_C,17,24.0015,1.019116834,1.469509007,0.624120144,1.350874639,27.14385268,1.905783054,25.39500891,3.403007477,1.276865146,0.232686037,1.53655446,1.040378944,all,48,SW10x10_gap_TW48
tw48-30dBG_D,17,24.0015,0.913286119,1.380171552,0.540655746,1.178279187,25.8007187,1.868113184,23.58736294,2.98262568,0.820311897,0.207100633,1.409983137,1.000546787,all,48,SW10x10_gap_TW48
tw48-30dBG_E,17,24.0015,1.317851413,1.620775518,0.527049796,1.385873166,27.61365824,1.903247393,23.03415396,2.526977616,1.179480501,0.320508949,1.970786224,0.885893871,all,48,SW10x10_gap_TW48
tw48-30dBG_In-A,17,24.0015,0.769227508,1.055788222,0.381980797,0.693561445,22.16785975,1.717379007,21.38717425,2.600432662,0.28361279,-0.082833052,0.929613993,0.593820549,all,48,SW10x10_gap_TW48
tw48-30dBG_In-B,17,24.0015,1.10574064,1.206963886,0.329658366,0.769696824,22.98975204,1.739162949,22.14245918,2.738856187,0.582163458,-0.20702284,1.276046178,0.539442644,all,48,SW10x10_gap_TW48
tw48-30dBG_In-C,17,24.0015,1.000470895,1.387247444,0.109752533,1.067637852,25.13949856,1.792147485,18.60502345,2.612087775,0.721318019,-0.344613813,1.694098869,0.681468917,all,48,SW10x10_gap_TW48
tw48-30dBG_In-D,17,24.0015,1.140989334,1.541817892,0.454638439,1.129372736,25.83371389,1.80073311,23.65980833,2.786913977,0.539879113,0.076918759,1.79234983,0.761622155,all,48,SW10x10_gap_TW48
tw48-30dBG_In-E,17,24.0015,0.840195173,1.847466612,0.234772287,1.560366163,29.16734378,1.87240223,19.57111904,2.577658933,1.345878037,-0.101758331,1.780270983,0.551572256,all,48,SW10x10_gap_TW48
sw10_tw48-30dBG_A,29.5,38.5015,1.32516318,2.224148438,0.660924245,1.795666677,44.24691402,2.086801383,39.3257276,3.498147213,1.784185325,0.445648005,2.595994267,0.989034262,all,48,SW10x10_WG_TW48
sw10_tw48-30dBG_B,29.5,38.5015,1.565834787,2.218922177,0.516967787,1.831296241,44.46103591,2.094737481,37.16816801,3.265088906,1.213500553,-0.112354001,2.628322174,1.390834188,all,48,SW10x10_WG_TW48
sw10_tw48-30dBG_C,29.5,38.5015,1.227338624,1.889816135,0.428755802,1.313737714,40.41495938,2.061389251,35.87475796,3.50123194,1.04689202,0.146675944,1.79224943,0.951053728,all,48,SW10x10_WG_TW48
sw10_tw48-30dBG_D,29.5,38.5015,1.615149441,1.987340743,0.901291378,1.685120591,43.26982174,2.102152334,41.90856113,3.407693182,1.432346205,0.517051357,2.206024453,1.603840553,all,48,SW10x10_WG_TW48
sw10_tw48-30dBG_E,29.5,38.5015,1.411039838,2.876162115,0.71048038,2.689512063,51.47308496,2.126180853,38.70207371,3.032769891,2.526246238,0.066123188,3.156972293,1.536288643,all,48,SW10x10_WG_TW48
sw10_tw48-30dBG_In-A,29.5,38.5015,1.316405907,1.430513764,0.425634129,0.921768264,37.21161459,1.989219151,37.28637592,3.210935353,1.000529091,-0.270517231,1.367842057,1.089252434,all,48,SW10x10_WG_TW48
sw10_tw48-30dBG_In-B,29.5,38.5015,1.170008189,1.939056148,0.452351691,1.530012662,42.03525006,2.025378723,36.27680993,3.327549449,1.223546479,0.045936659,1.767182096,0.959549302,all,48,SW10x10_WG_TW48
sw10_tw48-30dBG_In-C,29.5,38.5015,1.329083462,2.10054409,0.579177909,1.488379332,41.81554428,2.002577777,37.83416121,3.252050309,1.023556393,-0.23847041,2.65930306,1.062705274,all,48,SW10x10_WG_TW48
sw10_tw48-30dBG_In-D,29.5,38.5015,1.211476923,2.077229367,0.837955734,1.676775207,43.223934,2.031616443,40.86699852,3.295286375,0.891425578,0.129821871,2.110201852,1.489120435,all,48,SW10x10_WG_TW48
sw10_tw48-30dBG_In-E,29.5,38.5015,1.445197375,2.507735871,0.729825025,2.062477317,46.42254381,2.0342464,39.06217256,2.985789361,1.458136615,0.387064692,3.194040231,1.06074202,all,48,SW10x10_WG_TW48
tw48-30dBG_A,55.5,65.0015,1.539305735,1.532491251,-0.269014499,-0.06374947,54.57876263,2.079752781,53.34036552,3.304626472,-1.002873142,-0.831034103,0.840476039,0.986023232,all,48,SW10x10_WOG_TW48
tw48-30dBG_B,55.5,65.0015,1.278059826,1.376417184,-0.082872053,0.006824841,55.12590193,2.090598588,54.5759084,3.373657524,-0.755123779,-0.89445738,0.945991536,0.634367282,all,48,SW10x10_WOG_TW48
tw48-30dBG_C,55.5,65.0015,1.504703149,1.488100781,-0.117238567,-0.274942865,53.01362269,2.09091441,55.1165579,3.325984325,-0.586487998,-0.566939072,0.518044891,0.695967163,all,48,SW10x10_WOG_TW48
tw48-30dBG_D,55.5,65.0015,1.365895557,1.7385438,-0.186943638,0.09950285,55.57910841,2.063498973,54.43087979,3.43724332,-0.906441436,-1.176888872,0.832216555,0.763609253,all,48,SW10x10_WOG_TW48
tw48-30dBG_E,55.5,65.0015,0.92249816,1.729172009,0.260297095,0.83069493,61.12958737,2.0533578,58.6082832,3.114702042,0.068529308,-0.278884283,1.422419059,0.754127452,all,48,SW10x10_WOG_TW48
tw48-30dBG_In-A,55.5,65.0015,1.564887543,1.232000663,-0.543163511,-0.305910559,52.77299526,2.052210119,50.13695182,3.481047224,-0.648740875,-1.01074202,-0.006385668,0.200346084,all,48,SW10x10_WOG_TW48
tw48-30dBG_In-B,55.5,65.0015,1.263408518,1.564027612,0.031000019,0.002251196,55.27220899,2.018789201,55.18034691,3.88837958,-0.232797318,-0.464451833,0.86419127,0.553710574,all,48,SW10x10_WOG_TW48
tw48-30dBG_In-C,55.5,65.0015,1.187181764,1.791427152,0.149215478,0.583980627,59.18452121,1.994598089,57.97965515,3.36731998,-0.123397544,-0.438663088,1.076972776,0.648895762,all,48,SW10x10_WOG_TW48
tw48-30dBG_In-D,55.5,65.0015,1.319916758,1.903716817,-0.068154394,0.5675656,58.91670544,1.985307483,55.22805165,3.066751702,-0.340117991,-0.867150102,1.555033337,0.97630868,all,48,SW10x10_WOG_TW48
tw48-30dBG_In-E,55.5,65.0015,1.454725811,1.966673757,-0.349353356,0.754091584,60.13583225,1.981548713,52.51033967,3.200064664,-0.693346941,-0.955909253,1.460198527,0.585988994,all,48,SW10x10_WOG_TW48
tw48-30dBG_A,52,61.5015,1.495168454,2.522591056,0.615902354,1.900243336,65.49656052,1.990868296,58.72769622,3.366756719,1.528536715,0.320789363,2.326162461,1.325670316,all,48,SW20x20_WG_TW48
tw48-30dBG_B,52,61.5015,1.657761734,1.900428069,0.947328201,1.470945347,63.04119149,2.050829255,61.91407839,3.502707015,1.274561427,0.263436397,1.716203407,1.549033957,all,48,SW20x20_WG_TW48
tw48-30dBG_C,52,61.5015,2.22663166,2.751100738,1.168231038,2.226476047,67.64478134,1.977790822,64.39549644,3.195374795,1.592979613,0.390847296,2.794052002,2.028508598,all,48,SW20x20_WG_TW48
tw48-30dBG_D,52,61.5015,1.982709629,3.55739961,1.107023004,2.801222426,70.30617749,1.918116563,63.66010449,3.460927687,1.672849781,0.353468869,3.284118498,1.64217204,all,48,SW20x20_WG_TW48
tw48-30dBG_E,52,61.5015,1.375737081,6.588751123,0.685372826,5.740012117,81.85491493,1.612853564,58.62023707,3.17339374,3.475925215,0.267430122,7.178316045,1.482355233,all,48,SW20x20_WG_TW48
tw48-30dBG_In-A,52,61.5015,1.656516273,2.055642217,0.679271473,1.425334616,62.30059786,1.988080587,59.22087439,3.412258572,0.468618311,-0.128905698,2.053817459,1.213991701,all,48,SW20x20_WG_TW48
tw48-30dBG_In-B,52,61.5015,1.574068341,1.790109048,0.759881815,1.482531767,63.29930712,2.001390477,60.22819654,3.487493476,0.705595701,-0.070111963,2.072714315,1.704961128,all,48,SW20x20_WG_TW48
tw48-30dBG_In-C,52,61.5015,1.438063189,2.712692026,0.575247126,2.232710977,67.86340004,1.915908632,57.95714498,3.324733245,1.485635398,-0.127698984,2.969437237,1.298535348,all,48,SW20x20_WG_TW48
tw48-30dBG_In-D,52,61.5015,1.306471242,3.389924058,0.508142686,2.540033126,68.39862437,1.885710898,57.17861725,3.196710478,0.924172357,0.433777235,3.10098193,0.994415878,all,48,SW20x20_WG_TW48
tw48-30dBG_In-E,52,61.5015,1.886169919,3.120635957,0.925752318,2.571695114,69.59626642,1.882861528,61.13326881,3.158790607,1.675210465,0.462855125,3.337768022,1.362010572,all,48,SW20x20_WG_TW48
tw48-30dBG_A,61.5,71,1.666906109,1.036545417,0.472470852,0.51543094,65.09366237,2.038500978,65.17339679,3.233810891,0.188102825,-0.406191113,0.911240007,1.415468735,all,48,SW20x20_WOG_TW48
tw48-30dBG_B,61.5,71,1.774079273,1.525018669,0.237871576,0.939360351,67.85496215,1.986872996,62.28221811,3.231231891,0.08304988,0.101081486,1.645764241,1.14829431,all,48,SW20x20_WOG_TW48
tw48-30dBG_C,61.5,71,1.765367175,1.954188358,0.550229892,1.386786364,70.71769507,1.92468207,64.68529978,3.600405817,0.601384925,-0.460782353,2.493959016,1.278927777,all,48,SW20x20_WOG_TW48
tw48-30dBG_D,61.5,71,1.437483526,2.288740282,0.442327378,1.503956461,70.92948775,1.92819754,64.8393584,3.344810449,0.776849396,0.134795516,1.787060483,1.194867214,all,48,SW20x20_WOG_TW48
tw48-30dBG_E,61.5,71,1.328952902,4.25894849,0.162327944,2.693796289,75.3637752,1.814240525,62.15541974,3.148752474,1.49721572,-0.172159591,2.612616086,0.560098094,all,48,SW20x20_WOG_TW48
tw48-30dBG_In-A,61.5,71,1.237891241,0.973108083,0.221798927,0.228491048,62.86233336,2.004655853,62.3872778,3.496516343,-0.476583057,-0.331822851,0.523225364,0.921453046,all,48,SW20x20_WOG_TW48
tw48-30dBG_In-B,61.5,71,1.571616646,1.442379409,0.258455163,0.533320029,64.817269,1.95937981,63.22791792,3.42854625,-0.017069813,-0.718740661,0.898677436,0.908579683,all,48,SW20x20_WOG_TW48
tw48-30dBG_In-C,61.5,71,1.471407144,1.913923626,-0.006673149,1.191102123,69.13807749,1.901680902,60.84322825,3.20733245,0.227466112,-0.364537212,1.786505263,0.636464371,all,48,SW20x20_WOG_TW48
tw48-30dBG_In-D,61.5,71,1.353088747,2.374175734,0.425997896,1.450511164,70.10579715,1.868901673,64.15834569,3.085798216,0.366360637,-0.071576695,1.941121528,0.617718757,all,48,SW20x20_WOG_TW48
tw48-30dBG_In-E,61.5,71,1.614024665,2.115219085,0.238647699,1.240745078,69.11973595,1.888195867,61.89948921,3.357454388,0.116847479,-0.391756288,1.834921864,0.676889239,all,48,SW20x20_WOG_TW48
tw48-30dBG_A,55,64.5015,1.603146951,2.058187724,0.580345188,1.483903337,0.969415072,0.027545867,1.883093393,1.586654888,65.56585461,2.005672791,60.65540553,3.382303778,all,48,SW22x22_WOG_TW48
tw48-30dBG_B,55,64.5015,1.588039241,1.620921607,0.931966793,1.20506415,0.995292793,0.274083753,1.591041606,1.637738851,64.00126652,2.045375771,64.96279646,3.285514928,all,48,SW22x22_WOG_TW48
tw48-30dBG_C,55,64.5015,1.918813067,2.231382837,1.03693554,1.709221709,1.219155218,0.689688919,2.029833706,1.936428462,67.03941254,1.999173581,65.37848346,3.337975277,all,48,SW22x22_WOG_TW48
tw48-30dBG_D,55,64.5015,1.568515061,2.800605059,0.770513068,1.951723807,1.070447018,0.354388116,2.719786407,1.488363189,67.70781567,1.954479997,62.59703369,3.344382636,all,48,SW22x22_WOG_TW48
tw48-30dBG_E,55,64.5015,2.038967329,4.002085063,1.26875151,3.592936352,2.609089538,0.6702578,4.470986173,2.207402886,77.59445519,1.768751751,66.37523106,2.951503339,all,48,SW22x22_WOG_TW48
tw48-30dBG_In-A,55,64.5015,1.365234566,2.016543803,0.781258072,1.397934773,0.50187317,0.152689778,2.356957192,1.231227359,64.84685053,1.960984398,63.7885908,3.564286508,all,48,SW22x22_WOG_TW48
tw48-30dBG_In-B,55,64.5015,1.998323152,2.190249279,0.940717583,1.594145199,0.761775146,-0.366119298,2.206963643,1.547779801,66.14274974,1.942079237,63.56509963,3.291780463,all,48,SW22x22_WOG_TW48
tw48-30dBG_In-C,55,64.5015,1.554592072,3.050478678,0.706465784,2.142018931,1.305172853,0.016344727,2.495536843,1.223040157,68.59664999,1.878004805,62.0609434,3.458733189,all,48,SW22x22_WOG_TW48
tw48-30dBG_In-D,55,64.5015,1.844882488,3.06950859,1.144518195,2.510356753,1.220870561,0.290350308,3.374456066,2.104835802,71.63319346,1.854948869,66.11530183,3.017081592,all,48,SW22x22_WOG_TW48
tw48-30dBG_In-E,55,64.5015,1.790158545,3.219711514,0.930945285,2.514214296,1.609554943,0.252143589,3.229983696,1.697393469,71.19061762,1.845168494,64.16625464,3.056696578,all,48,SW22x22_WOG_TW48
SW2023-tw48-30dBG_A,55.5,66,2.04058802,1.86059227,0.476932889,1.148787694,63.57005202,2.027320024,61.18258408,3.237507367,0.465603418,0.163241823,1.913928,1.113580806,all,48,SW23x20_WOG_TW48
SW2023-tw48-30dBG_B,55.5,66,1.74748592,1.902148767,0.691850944,1.093474486,62.96446513,2.034049659,61.96914197,3.155581375,0.440221681,0.376488047,1.568056467,1.181991676,all,48,SW23x20_WOG_TW48
SW2023-tw48-30dBG_C,55.5,66,1.768112439,2.365270757,0.917229136,1.828391782,68.21604134,1.973249074,64.42247876,3.185797043,0.804145279,0.544924301,2.397517682,1.817961712,all,48,SW23x20_WOG_TW48
SW2023-tw48-30dBG_D,55.5,66,2.019499661,2.272549334,1.11181994,1.87760078,68.87628766,1.96752157,66.07566483,3.29104675,1.048050354,0.300258123,2.707991562,1.694433268,all,48,SW23x20_WOG_TW48
SW2023-tw48-30dBG_E,55.5,66,1.781941704,5.781106384,0.89161488,4.566495501,78.59982636,1.704439918,63.1483026,3.059407834,2.240943706,0.25490137,6.058261654,0.951656733,all,48,SW23x20_WOG_TW48
SW2023-tw48-30dBG_In-A,55.5,66,1.195281739,2.120792685,0.707782004,1.398037254,65.09000522,1.951384041,63.82165485,3.423993715,0.578351656,0.249945541,2.287749024,1.112868137,all,48,SW23x20_WOG_TW48
SW2023-tw48-30dBG_In-B,55.5,66,1.972446185,2.035898511,1.122014262,1.466784238,65.84765645,1.950121966,66.43619268,3.246090912,0.511103351,0.602574477,2.287749024,1.348625407,all,48,SW23x20_WOG_TW48
SW2023-tw48-30dBG_In-C,55.5,66,1.465629464,2.615543888,0.655917961,1.848587394,67.6988781,1.913178479,61.92130827,3.414906118,0.817932353,-0.213097605,2.11197011,1.098819406,all,48,SW23x20_WOG_TW48
SW2023-tw48-30dBG_In-D,55.5,66,1.752967637,3.000428718,1.025625795,2.478805292,72.0000034,1.842568453,65.90043841,3.13765853,1.907426645,0.422557662,3.32699033,1.830176962,all,48,SW23x20_WOG_TW48
SW2023-tw48-30dBG_In-E,55.5,66,2.018544698,3.399916698,1.084238877,2.564143463,71.43225504,1.83859182,65.82497455,3.065566289,1.20337348,0.075448366,3.33489853,1.737860817,all,48,SW23x20_WOG_TW48
