index,time_window,label,matched_eqs,total_eq
0,2008-10-01 08:45:23.801,0,[],0
1,2008-10-01 12:02:21.131,0,[],0
2,2008-10-01 15:20:50.962,0,[],0
3,2008-10-01 21:49:48.524,0,[],0
4,2008-10-02 01:03:50.898,0,[],0
5,2008-10-02 05:58:54.417,0,[],0
6,2008-10-02 09:13:50.485,0,[],0
7,2008-10-02 12:33:23.574,0,[],0
8,2008-10-02 15:50:50.838,1,"[{'lat': -38.885, 'long': -91.23, 'Time': Timestamp('2008-10-04 11:47:05'), 'mag': 5.5}]",1
9,2008-10-02 19:05:49.674,0,[],0
10,2008-10-02 22:19:23.734,0,[],0
11,2008-10-03 06:28:50.620,0,[],0
12,2008-10-03 09:44:23.675,1,"[{'lat': -1.126, 'long': 29.118, 'Time': Timestamp('2008-10-05 00:02:12'), 'mag': 5.3}]",1
13,2008-10-03 13:03:53.975,0,[],0
14,2008-10-03 16:20:51.238,0,[],0
15,2008-10-03 19:35:23.394,0,[],0
16,2008-10-03 22:49:23.135,0,[],0
17,2008-10-04 08:35:50.281,0,[],0
18,2008-10-04 11:54:53.349,0,[],0
19,2008-10-04 15:12:52.488,0,[],0
20,2008-10-04 18:28:23.456,0,[],0
21,2008-10-04 21:41:53.509,0,[],0
22,2008-10-05 00:55:48.328,0,[],0
23,2008-10-05 05:50:54.614,0,[],0
24,2008-10-05 09:05:50.683,0,[],0
25,2008-10-05 12:25:23.750,0,[],0
26,2008-10-05 15:42:49.017,0,[],0
27,2008-10-05 22:11:49.335,0,[],0
28,2008-10-06 01:25:52.278,0,[],0
29,2008-10-06 06:20:52.125,1,"[{'lat': 29.807, 'long': 90.35, 'Time': Timestamp('2008-10-06 08:30:45'), 'mag': 6.3}, {'lat': 29.752, 'long': 90.461, 'Time': Timestamp('2008-10-06 08:45:10'), 'mag': 5.0}, {'lat': 29.806, 'long': 90.42, 'Time': Timestamp('2008-10-06 10:17:11'), 'mag': 5.1}, {'lat': 29.653, 'long': 90.32, 'Time': Timestamp('2008-10-06 12:10:33'), 'mag': 5.2}]",4
30,2008-10-06 09:36:16.099,0,[],0
31,2008-10-06 12:55:53.151,0,[],0
32,2008-10-06 16:12:50.415,1,"[{'lat': -37.209, 'long': -95.969, 'Time': Timestamp('2008-10-08 11:51:46'), 'mag': 5.2}]",1
33,2008-10-06 19:27:53.258,0,[],0
34,2008-10-06 22:41:23.311,1,"[{'lat': 60.718, 'long': -143.7219, 'Time': Timestamp('2008-10-08 09:53:01'), 'mag': 5.2}]",1
35,2008-10-07 01:55:50.898,1,"[{'lat': 11.27, 'long': 125.415, 'Time': Timestamp('2008-10-07 03:34:35'), 'mag': 5.4}, {'lat': 12.976, 'long': 124.361, 'Time': Timestamp('2008-10-08 19:09:28'), 'mag': 5.4}]",2
36,2008-10-07 06:50:54.416,0,[],0
37,2008-10-07 10:06:51.924,0,[],0
38,2008-10-07 13:26:23.552,0,[],0
39,2008-10-07 16:42:54.577,0,[],0
40,2008-10-07 19:57:23.659,0,[],0
41,2008-10-07 23:11:23.712,1,"[{'lat': -15.248, 'long': -173.515, 'Time': Timestamp('2008-10-09 23:08:45'), 'mag': 5.6}, {'lat': -21.03, 'long': -174.42, 'Time': Timestamp('2008-10-09 17:49:58'), 'mag': 5.9}]",2
42,2008-10-10 13:14:22.629,0,[],0
43,2008-10-10 16:35:20.027,0,[],0
44,2008-10-10 19:49:53.975,0,[],0
45,2008-10-10 23:03:24.028,0,[],0
46,2008-10-11 13:48:23.269,0,[],0
47,2008-10-11 17:04:53.323,0,[],0
48,2008-10-11 20:19:23.376,0,[],0
49,2008-10-11 23:32:53.429,1,"[{'lat': -20.169, 'long': -178.255, 'Time': Timestamp('2008-10-12 00:39:53'), 'mag': 5.3}]",1
50,2008-10-12 07:43:20.984,1,"[{'lat': 36.187, 'long': 71.001, 'Time': Timestamp('2008-10-13 08:07:44'), 'mag': 5.3}]",1
51,2008-10-12 10:57:56.026,1,"[{'lat': 38.85, 'long': 23.62, 'Time': Timestamp('2008-10-14 02:06:34'), 'mag': 5.2}]",1
52,2008-10-12 14:14:49.093,1,"[{'lat': -20.123, 'long': -64.971, 'Time': Timestamp('2008-10-12 20:55:41'), 'mag': 6.2}]",1
53,2008-10-12 20:48:53.776,0,[],0
54,2008-10-13 00:02:53.829,0,[],0
55,2008-10-13 04:57:32.839,0,[],0
56,2008-10-13 08:13:50.169,0,[],0
57,2008-10-13 11:28:22.890,0,[],0
58,2008-10-13 14:48:48.949,1,"[{'lat': -15.004, 'long': -71.991, 'Time': Timestamp('2008-10-15 00:17:56'), 'mag': 5.0}]",1
59,2008-10-13 18:04:54.431,0,[],0
60,2008-10-13 21:18:53.178,0,[],0
61,2008-10-14 00:32:15.229,1,"[{'lat': -16.07, 'long': 166.783, 'Time': Timestamp('2008-10-15 14:28:18'), 'mag': 5.2}]",1
62,2008-10-14 07:05:26.630,0,[],0
63,2008-10-14 10:21:21.818,0,[],0
64,2008-10-14 13:36:19.438,0,[],0
65,2008-10-14 16:57:23.499,0,[],0
66,2008-10-14 20:11:23.552,0,[],0
67,2008-10-15 01:02:22.493,0,[],0
68,2008-10-15 05:57:24.683,0,[],0
69,2008-10-15 10:51:51.056,0,[],0
70,2008-10-15 22:17:53.144,0,[],0
71,2008-10-16 01:32:20.184,0,[],0
72,2008-10-16 04:49:22.771,0,[],0
73,2008-10-16 08:05:49.510,0,[],0
74,2008-10-16 11:20:22.231,0,[],0
75,2008-10-16 14:41:20.723,0,[],0
76,2008-10-16 17:56:47.350,0,[],0
77,2008-10-16 21:10:48.620,0,[],0
78,2008-10-17 00:24:52.433,1,"[{'lat': -6.951, 'long': 147.269, 'Time': Timestamp('2008-10-18 00:54:39'), 'mag': 5.7}]",1
79,2008-10-17 06:57:24.092,0,[],0
80,2008-10-17 10:13:20.049,0,[],0
81,2008-10-23 13:16:23.301,0,[],0
82,2008-10-23 16:33:20.787,0,[],0
83,2008-10-23 19:47:53.407,0,[],0
84,2008-10-23 23:01:53.461,0,[],0
85,2008-10-24 12:07:19.880,0,[],0
86,2008-10-24 15:25:22.813,0,[],0
87,2008-10-24 18:40:46.003,0,[],0
88,2008-10-24 21:54:15.051,0,[],0
89,2008-10-25 01:08:21.421,0,[],0
90,2008-10-25 06:03:26.268,1,"[{'lat': 36.49, 'long': 70.683, 'Time': Timestamp('2008-10-26 01:28:56'), 'mag': 5.7}]",1
91,2008-10-25 09:18:53.776,0,[],0
92,2008-10-25 17:33:23.157,0,[],0
93,2008-10-25 20:47:20.754,0,[],0
94,2008-10-26 00:01:23.262,0,[],0
95,2008-10-26 08:14:08.866,0,[],0
96,2008-10-26 11:28:53.449,0,[],0
97,2008-10-26 14:47:19.709,0,[],0
98,2008-10-26 21:15:55.898,0,[],0
99,2008-10-27 00:30:50.985,1,"[{'lat': -14.635, 'long': 167.183, 'Time': Timestamp('2008-10-27 05:43:50'), 'mag': 5.6}, {'lat': -3.494, 'long': 145.867, 'Time': Timestamp('2008-10-28 16:00:03'), 'mag': 6.0}]",2
100,2008-10-27 10:19:55.018,0,[],0
101,2008-10-27 13:38:53.878,0,[],0
102,2008-10-27 16:55:23.931,0,[],0
103,2008-10-27 20:09:53.985,0,[],0
104,2008-10-27 23:23:24.038,0,[],0
105,2008-10-28 07:33:52.367,0,[],0
106,2008-10-28 12:29:53.252,0,[],0
107,2008-10-28 15:47:50.515,0,[],0
108,2008-10-28 19:02:53.359,1,"[{'lat': -8.986, 'long': -108.281, 'Time': Timestamp('2008-10-28 20:42:42'), 'mag': 5.3}, {'lat': -8.896, 'long': -108.395, 'Time': Timestamp('2008-10-29 01:35:58'), 'mag': 5.7}, {'lat': -9.02, 'long': -108.246, 'Time': Timestamp('2008-10-30 15:15:41'), 'mag': 6.1}]",3
109,2008-10-28 22:16:22.821,0,[],0
110,2008-10-29 01:30:21.780,0,[],0
111,2008-10-29 06:25:54.394,0,[],0
112,2008-10-29 09:41:22.025,0,[],0
113,2008-10-29 13:00:23.822,0,[],0
114,2008-10-29 22:45:53.982,1,"[{'lat': 51.705, 'long': -174.423, 'Time': Timestamp('2008-10-31 14:23:02'), 'mag': 5.1}, {'lat': 51.586, 'long': -174.415, 'Time': Timestamp('2008-10-31 22:10:35'), 'mag': 5.3}]",2
115,2008-10-30 02:00:25.665,1,"[{'lat': -3.399, 'long': 148.712, 'Time': Timestamp('2008-11-01 01:13:09'), 'mag': 6.0}, {'lat': -3.438, 'long': 148.695, 'Time': Timestamp('2008-11-01 01:57:34'), 'mag': 5.3}]",2
116,2008-10-30 05:17:32.018,0,[],0
117,2008-10-30 08:32:21.457,0,[],0
118,2008-10-30 11:51:23.197,0,[],0
119,2008-10-30 15:09:52.335,0,[],0
120,2008-10-30 18:24:49.237,0,[],0
121,2008-10-30 21:38:51.773,0,[],0
122,2008-10-31 00:52:52.272,0,[],0
123,2008-10-31 05:47:53.133,1,"[{'lat': -11.483, 'long': 66.514, 'Time': Timestamp('2008-10-31 13:30:01'), 'mag': 5.2}]",1
124,2008-10-31 09:02:50.530,0,[],0
125,2008-10-31 12:21:53.597,0,[],0
126,2008-10-31 15:39:46.096,0,[],0
127,2008-11-01 07:56:17.691,0,[],0
128,2008-11-01 11:12:53.972,0,[],0
129,2008-11-01 14:31:23.881,0,[],0
130,2008-11-01 17:47:24.079,0,[],0
131,2008-11-01 21:01:23.132,0,[],0
132,2008-11-02 00:15:15.183,0,[],0
133,2008-11-02 05:10:02.195,0,[],0
134,2008-11-02 08:26:23.174,0,[],0
135,2008-11-02 11:43:23.373,0,[],0
136,2008-11-02 15:01:46.977,1,"[{'lat': 19.431, 'long': -66.383, 'Time': Timestamp('2008-11-02 20:42:37'), 'mag': 5.4}]",1
137,2008-11-02 21:30:53.533,0,[],0
138,2008-11-03 00:44:52.448,1,"[{'lat': 46.635, 'long': 152.288, 'Time': Timestamp('2008-11-03 09:33:17'), 'mag': 5.0}]",1
139,2008-11-03 07:17:56.986,0,[],0
140,2008-11-03 10:34:20.845,0,[],0
141,2008-11-03 13:53:23.801,0,[],0
142,2008-11-03 22:00:52.127,0,[],0
143,2008-11-04 01:14:48.318,0,[],0
144,2008-11-04 06:09:56.802,0,[],0
145,2008-11-04 09:25:21.548,0,[],0
146,2008-11-04 12:44:23.175,0,[],0
147,2008-11-04 16:01:49.222,1,"[{'lat': 5.856, 'long': -82.417, 'Time': Timestamp('2008-11-05 15:33:02'), 'mag': 5.1}]",1
148,2008-11-04 19:16:53.283,0,[],0
149,2008-11-04 22:30:23.335,0,[],0
150,2008-11-05 08:18:16.376,0,[],0
151,2008-11-05 11:35:23.549,0,[],0
152,2008-11-05 14:53:51.419,0,[],0
153,2008-11-05 21:23:23.880,0,[],0
154,2008-11-06 00:36:45.930,1,"[{'lat': 12.365, 'long': 144.052, 'Time': Timestamp('2008-11-07 08:37:51'), 'mag': 5.3}]",1
155,2008-11-06 07:09:53.237,0,[],0
156,2008-11-06 10:26:18.864,0,[],0
157,2008-11-07 07:40:20.305,0,[],0
158,2008-11-07 10:56:53.360,0,[],0
159,2008-11-07 14:15:14.988,0,[],0
160,2008-11-07 17:31:53.602,0,[],0
161,2008-11-07 20:45:53.656,0,[],0
162,2008-11-07 23:59:23.708,0,[],0
163,2008-11-08 14:45:50.156,0,[],0
164,2008-11-08 18:01:24.003,0,[],0
165,2008-11-08 21:15:24.056,0,[],0
166,2008-11-09 00:29:17.875,1,"[{'lat': 3.332, 'long': 145.518, 'Time': Timestamp('2008-11-10 12:44:41'), 'mag': 5.0}]",1
167,2008-11-09 05:23:55.600,0,[],0
168,2008-11-09 08:38:53.242,0,[],0
169,2008-11-09 11:57:53.297,0,[],0
170,2008-11-09 15:15:49.668,0,[],0
171,2008-11-09 18:31:23.405,0,[],0
172,2008-11-09 21:44:53.457,1,"[{'lat': 59.9967, 'long': -153.0191, 'Time': Timestamp('2008-11-09 23:36:57'), 'mag': 5.0}]",1
173,2008-11-10 00:58:48.276,0,[],0
174,2008-11-10 05:53:54.561,1,"[{'lat': 37.539, 'long': 95.84, 'Time': Timestamp('2008-11-11 21:56:01'), 'mag': 5.1}, {'lat': 1.591, 'long': 66.703, 'Time': Timestamp('2008-11-11 12:18:12'), 'mag': 5.2}, {'lat': 0.019, 'long': 67.088, 'Time': Timestamp('2008-11-11 22:46:38'), 'mag': 5.1}]",3
175,2008-11-10 09:09:20.630,0,[],0
176,2008-11-10 12:28:23.698,0,[],0
177,2008-11-10 15:45:50.404,0,[],0
178,2008-11-10 19:00:53.805,0,[],0
179,2008-11-10 22:14:53.858,0,[],0
180,2008-11-11 01:28:52.226,0,[],0
181,2008-11-11 06:23:56.168,0,[],0
182,2008-11-11 09:39:23.800,0,[],0
183,2008-11-11 12:58:53.099,0,[],0
184,2008-11-11 16:15:51.691,0,[],0
185,2008-11-11 19:30:53.206,0,[],0
186,2008-11-11 22:44:23.259,0,[],0
187,2008-11-12 01:58:50.845,0,[],0
188,2008-11-12 06:54:23.035,0,[],0
189,2008-11-12 10:10:20.715,1,"[{'lat': 38.841, 'long': 35.524, 'Time': Timestamp('2008-11-12 14:03:18'), 'mag': 5.1}, {'lat': -6.366, 'long': 26.858, 'Time': Timestamp('2008-11-13 11:07:23'), 'mag': 5.0}]",2
190,2008-11-12 13:29:23.671,0,[],0
191,2008-11-12 23:13:53.830,0,[],0
192,2008-11-13 07:24:22.156,0,[],0
193,2008-11-13 10:40:52.668,0,[],0
194,2008-11-13 13:59:24.072,0,[],0
195,2008-11-13 18:53:17.706,0,[],0
196,2008-11-13 22:06:53.205,0,[],0
197,2008-11-14 01:20:51.573,0,[],0
198,2008-11-14 06:15:55.515,0,[],0
199,2008-11-14 09:31:21.818,0,[],0
200,2008-11-14 12:50:53.446,0,[],0
201,2008-11-14 16:08:22.149,0,[],0
202,2008-11-14 19:22:53.553,0,[],0
203,2008-11-15 03:30:24.546,0,[],0
204,2008-11-15 06:46:23.372,0,[],0
205,2008-11-15 10:01:52.219,0,[],0
206,2008-11-15 13:21:23.847,0,[],0
207,2008-11-15 16:38:23.544,0,[],0
208,2008-11-15 19:52:53.954,0,[],0
209,2008-11-22 11:56:23.774,0,[],0
210,2008-11-22 15:14:22.914,1,"[{'lat': -9.069, 'long': -75.664, 'Time': Timestamp('2008-11-22 20:25:52'), 'mag': 5.1}]",1
211,2008-11-22 18:29:53.882,0,[],0
212,2008-11-27 12:49:23.876,0,[],0
213,2008-11-27 17:44:23.957,0,[],0
214,2008-11-27 20:58:24.010,1,"[{'lat': 40.348, 'long': -126.978, 'Time': Timestamp('2008-11-28 13:42:18'), 'mag': 5.9}]",1
215,2008-11-28 00:11:51.485,0,[],0
216,2008-11-28 08:21:17.404,0,[],0
217,2008-11-28 11:40:23.251,0,[],0
218,2008-11-28 14:58:18.182,0,[],0
219,2008-11-28 18:13:53.358,0,[],0
220,2008-11-29 02:19:22.240,1,"[{'lat': 18.024, 'long': 146.994, 'Time': Timestamp('2008-11-30 00:38:54'), 'mag': 5.6}, {'lat': 19.19, 'long': 145.338, 'Time': Timestamp('2008-11-30 12:04:54'), 'mag': 5.0}]",2
221,2008-11-29 12:10:53.652,0,[],0
222,2008-11-29 15:28:44.711,0,[],0
223,2008-11-29 18:43:49.640,0,[],0
224,2008-11-29 21:57:23.332,0,[],0
225,2008-11-30 01:11:48.196,0,[],0
226,2008-11-30 06:06:52.584,0,[],0
227,2008-11-30 09:21:53.753,1,"[{'lat': 35.299, 'long': 46.544, 'Time': Timestamp('2008-12-01 10:18:40'), 'mag': 5.0}]",1
228,2008-11-30 12:41:24.053,0,[],0
229,2008-11-30 22:27:23.212,0,[],0
230,2008-12-01 06:36:54.195,0,[],0
231,2008-12-01 09:52:21.826,0,[],0
232,2008-12-01 13:11:53.454,0,[],0
233,2008-12-01 16:28:49.501,0,[],0
234,2008-12-01 19:43:23.561,0,[],0
235,2008-12-01 22:56:53.614,0,[],0
236,2008-12-02 07:06:57.040,0,[],0
237,2008-12-02 15:20:51.639,0,[],0
238,2008-12-02 18:35:49.817,0,[],0
239,2008-12-02 21:49:50.852,0,[],0
240,2008-12-03 01:03:51.575,0,[],0
241,2008-12-03 05:58:55.421,0,[],0
242,2008-12-03 09:13:50.162,0,[],0
243,2008-12-03 12:33:23.432,0,[],0
244,2008-12-03 22:19:23.592,0,[],0
245,2008-12-04 06:28:50.479,0,[],0
246,2008-12-04 09:44:22.206,0,[],0
247,2008-12-04 13:03:53.834,0,[],0
248,2008-12-04 16:20:51.097,0,[],0
249,2008-12-04 19:35:24.253,0,[],0
250,2008-12-04 22:49:23.993,0,[],0
251,2008-12-05 08:35:50.140,0,[],0
252,2008-12-05 11:54:53.207,0,[],0
253,2008-12-05 15:12:52.347,0,[],0
254,2008-12-05 18:28:23.315,0,[],0
255,2008-12-05 21:41:53.367,1,"[{'lat': -27.83, 'long': -176.628, 'Time': Timestamp('2008-12-06 06:21:48'), 'mag': 5.7}]",1
256,2008-12-06 00:55:48.186,0,[],0
257,2008-12-06 05:50:54.472,1,"[{'lat': 4.569, 'long': 93.403, 'Time': Timestamp('2008-12-07 23:49:57'), 'mag': 5.0}]",1
258,2008-12-06 09:05:50.541,0,[],0
259,2008-12-06 12:25:23.608,0,[],0
260,2008-12-06 15:42:51.642,0,[],0
261,2008-12-06 18:57:53.716,0,[],0
262,2008-12-06 22:11:52.073,0,[],0
263,2008-12-07 01:25:50.809,0,[],0
264,2008-12-07 06:20:56.201,0,[],0
265,2008-12-07 09:36:16.958,0,[],0
266,2008-12-07 12:55:54.010,0,[],0
267,2008-12-07 22:41:23.170,1,"[{'lat': -15.929, 'long': 168.173, 'Time': Timestamp('2008-12-09 17:28:58'), 'mag': 6.1}]",1
268,2008-12-08 08:27:51.645,1,"[{'lat': 26.92, 'long': 55.85, 'Time': Timestamp('2008-12-08 14:41:43'), 'mag': 5.1}, {'lat': 26.8, 'long': 55.68, 'Time': Timestamp('2008-12-09 15:09:23'), 'mag': 5.0}]",2
269,2008-12-08 11:46:53.384,0,[],0
270,2008-12-08 15:04:55.179,0,[],0
271,2008-12-08 18:20:19.373,0,[],0
272,2008-12-08 21:33:24.616,1,"[{'lat': -31.232, 'long': -176.924, 'Time': Timestamp('2008-12-09 06:23:59'), 'mag': 6.8}, {'lat': -31.106, 'long': -176.894, 'Time': Timestamp('2008-12-09 18:18:31'), 'mag': 5.0}]",2
273,2008-12-09 00:48:21.131,1,"[{'lat': 15.364, 'long': 144.848, 'Time': Timestamp('2008-12-09 03:54:41'), 'mag': 5.0}]",1
274,2008-12-09 07:21:21.896,0,[],0
275,2008-12-09 10:37:22.184,0,[],0
276,2008-12-09 13:56:22.005,0,[],0
277,2008-12-09 17:12:53.865,0,[],0
278,2008-12-09 20:26:53.918,0,[],0
279,2008-12-09 23:40:53.972,0,[],0
280,2008-12-10 09:28:21.732,0,[],0
281,2008-12-10 12:47:53.360,0,[],0
282,2008-12-10 22:33:23.519,0,[],0
283,2008-12-11 01:47:47.233,1,"[{'lat': 1.551, 'long': 126.508, 'Time': Timestamp('2008-12-11 14:23:42'), 'mag': 5.0}]",1
284,2008-12-11 06:43:27.392,0,[],0
285,2008-12-11 09:58:52.132,0,[],0
286,2008-12-11 13:18:23.761,0,[],0
287,2008-12-11 16:35:23.814,0,[],0
288,2008-12-11 19:49:23.867,0,[],0
289,2008-12-11 23:03:23.920,1,"[{'lat': -31.106, 'long': -176.8, 'Time': Timestamp('2008-12-12 10:46:17'), 'mag': 5.1}, {'lat': -31.073, 'long': -176.811, 'Time': Timestamp('2008-12-12 11:55:29'), 'mag': 5.0}, {'lat': -31.008, 'long': -176.737, 'Time': Timestamp('2008-12-12 15:58:16'), 'mag': 5.0}]",3
290,2008-12-12 02:17:52.723,0,[],0
291,2008-12-12 07:13:27.346,0,[],0
292,2008-12-12 10:29:20.205,0,[],0
293,2008-12-12 13:48:23.162,0,[],0
294,2008-12-12 17:05:23.215,0,[],0
295,2008-12-12 20:19:23.269,0,[],0
296,2008-12-12 23:32:53.321,0,[],0
297,2008-12-13 07:43:17.551,0,[],0
298,2008-12-13 10:59:50.607,0,[],0
299,2008-12-13 22:25:53.695,0,[],0
300,2008-12-14 01:41:54.597,0,[],0
301,2008-12-14 06:35:28.896,0,[],0
302,2008-12-14 09:50:52.309,0,[],0
303,2008-12-14 13:10:23.937,0,[],0
304,2008-12-14 16:27:23.990,0,[],0
305,2008-12-14 19:41:54.043,0,[],0
306,2008-12-14 22:55:23.096,1,"[{'lat': -14.186, 'long': 166.674, 'Time': Timestamp('2008-12-15 09:52:48'), 'mag': 5.2}, {'lat': -14.048, 'long': 166.469, 'Time': Timestamp('2008-12-15 10:32:39'), 'mag': 5.0}]",2
307,2008-12-15 08:42:18.915,0,[],0
308,2008-12-15 12:01:23.311,0,[],0
309,2008-12-15 15:19:25.218,0,[],0
310,2008-12-15 18:34:23.418,0,[],0
311,2008-12-15 21:47:24.542,1,"[{'lat': -17.744, 'long': -178.371, 'Time': Timestamp('2008-12-17 10:55:59'), 'mag': 5.8}, {'lat': -36.914, 'long': 177.732, 'Time': Timestamp('2008-12-17 20:33:57'), 'mag': 5.2}]",2
312,2008-12-16 01:02:21.057,0,[],0
313,2008-12-16 05:57:24.575,0,[],0
314,2008-12-16 09:12:20.645,0,[],0
315,2008-12-16 12:31:53.712,1,"[{'lat': -11.628, 'long': -13.412, 'Time': Timestamp('2008-12-16 17:26:29'), 'mag': 5.0}]",1
316,2008-12-16 15:49:21.199,0,[],0
317,2008-12-16 19:04:19.812,0,[],0
318,2008-12-16 22:17:54.832,0,[],0
319,2008-12-17 01:32:20.911,0,[],0
320,2008-12-17 06:27:26.885,0,[],0
321,2008-12-17 13:02:23.282,1,"[{'lat': 47.006, 'long': -27.29, 'Time': Timestamp('2008-12-19 08:31:51'), 'mag': 5.9}]",1
322,2008-12-17 22:47:53.442,1,"[{'lat': -17.004, 'long': 168.551, 'Time': Timestamp('2008-12-18 03:20:02'), 'mag': 5.1}]",1
323,2008-12-18 06:57:24.547,0,[],0
324,2008-12-18 10:13:24.823,0,[],0
325,2008-12-18 13:32:53.683,0,[],0
326,2008-12-18 16:49:23.737,0,[],0
327,2008-12-18 20:03:53.790,0,[],0
328,2008-12-18 23:17:23.842,1,"[{'lat': -31.054, 'long': -177.791, 'Time': Timestamp('2008-12-20 06:10:33'), 'mag': 5.0}, {'lat': -31.247, 'long': -177.179, 'Time': Timestamp('2008-12-20 22:40:02'), 'mag': 5.0}, {'lat': -9.957, 'long': 160.479, 'Time': Timestamp('2008-12-19 20:02:19'), 'mag': 5.1}, {'lat': -9.956, 'long': 160.404, 'Time': Timestamp('2008-12-19 22:33:20'), 'mag': 5.2}]",4
329,2008-12-19 07:27:52.169,0,[],0
330,2008-12-19 10:44:21.128,1,"[{'lat': -31.193, 'long': -13.338, 'Time': Timestamp('2008-12-20 21:05:16'), 'mag': 5.8}]",1
331,2008-12-19 14:02:53.084,0,[],0
332,2008-12-19 17:19:23.138,0,[],0
333,2008-12-19 20:33:23.191,0,[],0
334,2008-12-20 01:24:21.585,0,[],0
335,2008-12-20 17:49:23.539,0,[],0
336,2008-12-20 21:03:19.128,0,[],0
337,2008-12-21 00:16:51.067,0,[],0
338,2008-12-21 03:33:54.111,0,[],0
339,2008-12-21 06:49:53.395,0,[],0
340,2008-12-21 10:05:55.000,0,[],0
341,2008-12-21 13:24:53.859,0,[],0
342,2008-12-21 23:09:54.019,0,[],0
343,2008-12-22 02:24:22.822,1,"[{'lat': 46.515, 'long': 152.635, 'Time': Timestamp('2008-12-22 13:25:41'), 'mag': 5.2}]",1
344,2008-12-22 07:19:51.345,0,[],0
345,2008-12-22 10:36:20.305,0,[],0
346,2008-12-22 13:55:24.221,0,[],0
347,2008-12-22 17:11:23.314,0,[],0
348,2008-12-22 20:25:53.367,0,[],0
349,2008-12-22 23:39:23.420,1,"[{'lat': -6.366, 'long': 154.943, 'Time': Timestamp('2008-12-23 11:15:18'), 'mag': 5.9}]",1
350,2008-12-23 07:49:47.650,0,[],0
351,2008-12-23 17:41:23.715,0,[],0
352,2008-12-23 20:53:57.273,0,[],0
353,2008-12-24 00:09:23.821,0,[],0
354,2008-12-24 05:04:02.831,0,[],0
355,2008-12-24 08:20:26.467,0,[],0
356,2008-12-24 11:37:23.181,0,[],0
357,2008-12-24 14:55:50.880,0,[],0
358,2008-12-24 18:11:23.289,0,[],0
359,2008-12-24 21:24:53.341,1,"[{'lat': 49.128, 'long': -128.621, 'Time': Timestamp('2008-12-25 08:11:58'), 'mag': 5.8}]",1
360,2008-12-25 00:38:50.716,0,[],0
361,2008-12-25 07:11:52.698,1,"[{'lat': -2.427, 'long': 68.144, 'Time': Timestamp('2008-12-26 18:14:45'), 'mag': 5.0}]",1
362,2008-12-25 10:28:19.325,0,[],0
363,2008-12-25 13:47:23.609,0,[],0
364,2008-12-25 17:03:53.662,0,[],0
365,2008-12-25 20:17:53.715,0,[],0
366,2008-12-25 23:31:53.769,0,[],0
367,2008-12-26 07:42:20.767,0,[],0
368,2008-12-26 19:10:50.524,0,[],0
369,2008-12-26 22:24:21.335,1,"[{'lat': -49.504, 'long': 163.989, 'Time': Timestamp('2008-12-27 06:59:57'), 'mag': 5.1}]",1
370,2008-12-27 01:38:50.183,0,[],0
371,2008-12-27 06:33:55.576,0,[],0
372,2008-12-27 09:49:50.429,0,[],0
373,2008-12-27 13:08:53.384,1,"[{'lat': 35.131, 'long': -35.173, 'Time': Timestamp('2008-12-28 13:01:22'), 'mag': 5.0}]",1
374,2008-12-27 16:25:53.438,0,[],0
375,2008-12-27 19:40:23.491,0,[],0
376,2008-12-27 22:54:23.544,1,"[{'lat': -11.33, 'long': 166.459, 'Time': Timestamp('2008-12-28 20:25:31'), 'mag': 5.0}]",1
377,2008-12-28 07:03:58.299,0,[],0
378,2008-12-28 10:20:23.598,0,[],0
379,2008-12-28 13:39:23.785,0,[],0
380,2008-12-28 23:23:53.945,0,[],0
381,2008-12-29 07:34:21.271,0,[],0
382,2008-12-29 10:50:50.231,0,[],0
383,2008-12-29 14:09:45.954,0,[],0
384,2008-12-29 17:25:53.240,0,[],0
385,2008-12-29 20:39:53.293,0,[],0
386,2008-12-29 23:53:53.346,0,[],0
387,2008-12-30 08:04:21.672,0,[],0
388,2008-12-31 02:00:55.403,1,"[{'lat': 1.319, 'long': 121.838, 'Time': Timestamp('2009-01-01 10:35:34'), 'mag': 5.1}]",1
389,2008-12-31 06:56:23.497,0,[],0
390,2009-01-01 10:42:50.579,0,[],0
391,2009-01-01 14:01:53.535,0,[],0
392,2009-01-01 17:17:53.589,0,[],0
393,2009-01-01 20:32:23.642,0,[],0
394,2009-01-01 23:45:53.695,0,[],0
395,2009-01-02 07:56:50.693,0,[],0
396,2009-01-02 11:13:23.883,0,[],0
397,2009-01-02 14:31:53.792,0,[],0
398,2009-01-02 17:47:53.990,0,[],0
399,2009-01-02 21:01:54.043,0,[],0
400,2009-01-03 00:15:49.190,0,[],0
401,2009-01-03 05:10:32.105,0,[],0
402,2009-01-03 08:26:55.752,0,[],0
403,2009-01-03 11:43:53.283,0,[],0
404,2009-01-03 15:02:25.079,0,[],0
405,2009-01-03 18:17:53.391,1,"[{'lat': -58.331, 'long': -139.855, 'Time': Timestamp('2009-01-04 17:46:34'), 'mag': 5.2}]",1
406,2009-01-03 21:31:23.444,0,[],0
407,2009-01-04 00:45:22.359,0,[],0
408,2009-01-04 07:18:21.796,0,[],0
409,2009-01-04 10:34:50.756,0,[],0
410,2009-01-04 13:53:54.672,0,[],0
411,2009-01-04 23:38:23.871,0,[],0
412,2009-01-05 07:48:50.869,0,[],0
413,2009-01-05 11:05:24.059,0,[],0
414,2009-01-05 14:23:52.982,0,[],0
415,2009-01-05 17:40:23.292,0,[],0
416,2009-01-05 20:53:53.345,0,[],0
417,2009-01-06 00:07:53.397,0,[],0
418,2009-01-06 08:18:57.371,0,[],0
419,2009-01-06 11:35:53.585,0,[],0
420,2009-01-06 14:54:22.612,0,[],0
421,2009-01-06 18:09:53.692,0,[],0
422,2009-01-07 07:10:57.198,0,[],0
423,2009-01-07 10:26:51.106,0,[],0
424,2009-01-07 13:45:54.063,0,[],0
425,2009-01-07 23:30:23.222,0,[],0
426,2009-01-08 07:40:47.452,0,[],0
427,2009-01-08 10:57:36.891,0,[],0
428,2009-01-08 14:16:17.672,0,[],0
429,2009-01-08 17:32:23.517,0,[],0
430,2009-01-08 20:46:23.570,0,[],0
431,2009-01-09 00:00:23.623,0,[],0
432,2009-01-09 08:09:20.509,0,[],0
433,2009-01-09 11:27:53.810,0,[],0
434,2009-01-09 14:46:20.071,1,"[{'lat': -23.039, 'long': -70.805, 'Time': Timestamp('2009-01-09 22:43:30'), 'mag': 5.0}]",1
435,2009-01-09 18:02:23.918,0,[],0
436,2009-01-10 02:07:21.584,1,"[{'lat': 13.496, 'long': 120.823, 'Time': Timestamp('2009-01-12 02:00:48'), 'mag': 5.2}]",1
437,2009-01-10 07:02:56.424,0,[],0
438,2009-01-10 10:18:54.379,0,[],0
439,2009-01-10 13:37:53.238,0,[],0
440,2009-01-10 16:54:53.293,0,[],0
441,2009-01-10 20:08:53.346,0,[],0
442,2009-01-10 23:22:52.808,0,[],0
443,2009-01-11 07:32:50.285,0,[],0
444,2009-01-11 10:49:19.010,0,[],0
445,2009-01-11 14:08:17.848,0,[],0
446,2009-01-11 23:52:23.799,0,[],0
447,2009-01-12 04:47:02.808,0,[],0
448,2009-01-12 08:03:16.702,0,[],0
449,2009-01-12 11:19:53.987,0,[],0
450,2009-01-12 14:38:52.679,1,"[{'lat': -29.549, 'long': -71.224, 'Time': Timestamp('2009-01-13 17:17:13'), 'mag': 5.1}]",1
451,2009-01-12 17:54:23.095,0,[],0
452,2009-01-12 21:08:23.147,0,[],0
453,2009-01-13 00:22:17.966,1,"[{'lat': 52.267, 'long': 159.294, 'Time': Timestamp('2009-01-14 05:14:23'), 'mag': 5.4}]",1
454,2009-01-13 05:16:55.692,0,[],0
455,2009-01-13 08:33:24.529,0,[],0
456,2009-01-13 11:50:53.388,0,[],0
457,2009-01-13 15:08:52.527,0,[],0
458,2009-01-13 18:24:23.495,0,[],0
459,2009-01-14 07:24:55.997,0,[],0
460,2009-01-14 10:41:25.133,0,[],0
461,2009-01-14 14:00:23.993,0,[],0
462,2009-01-14 23:44:53.153,0,[],0
463,2009-01-15 09:32:16.315,0,[],0
464,2009-01-15 12:51:53.367,0,[],0
465,2009-01-15 16:08:53.421,0,[],0
466,2009-01-15 19:23:53.474,0,[],0
467,2009-01-15 22:37:23.526,1,"[{'lat': -15.064, 'long': 167.991, 'Time': Timestamp('2009-01-16 06:47:56'), 'mag': 5.0}, {'lat': -22.282, 'long': 170.441, 'Time': Timestamp('2009-01-16 19:11:01'), 'mag': 5.3}, {'lat': -22.304, 'long': 170.274, 'Time': Timestamp('2009-01-16 19:55:22'), 'mag': 5.8}, {'lat': -22.288, 'long': 170.378, 'Time': Timestamp('2009-01-16 20:05:22'), 'mag': 5.3}, {'lat': -22.496, 'long': 170.42, 'Time': Timestamp('2009-01-16 23:02:59'), 'mag': 5.1}]",5
468,2009-01-16 01:51:51.113,0,[],0
469,2009-01-16 06:46:54.632,0,[],0
470,2009-01-16 10:02:52.140,0,[],0
471,2009-01-16 13:21:53.768,0,[],0
472,2009-01-16 16:38:53.821,1,"[{'lat': 15.739, 'long': -92.744, 'Time': Timestamp('2009-01-17 02:57:31'), 'mag': 5.8}]",1
473,2009-01-16 19:53:23.874,0,[],0
474,2009-01-16 23:06:53.928,1,"[{'lat': -30.199, 'long': -177.951, 'Time': Timestamp('2009-01-18 14:11:48'), 'mag': 6.4}, {'lat': 51.212, 'long': 178.93, 'Time': Timestamp('2009-01-17 12:07:33'), 'mag': 5.1}]",2
475,2009-01-17 07:17:22.254,0,[],0
476,2009-01-17 10:33:16.664,1,"[{'lat': -39.25, 'long': -15.25, 'Time': Timestamp('2009-01-19 08:59:28'), 'mag': 5.0}, {'lat': -38.945, 'long': -15.764, 'Time': Timestamp('2009-01-19 09:11:33'), 'mag': 5.1}, {'lat': -38.794, 'long': -15.88, 'Time': Timestamp('2009-01-19 09:19:06'), 'mag': 5.1}, {'lat': -38.958, 'long': -15.705, 'Time': Timestamp('2009-01-19 10:27:12'), 'mag': 5.4}]",4
477,2009-01-17 13:52:25.134,0,[],0
478,2009-01-17 18:46:12.926,0,[],0
479,2009-01-18 07:47:21.654,0,[],0
480,2009-01-18 11:03:53.516,0,[],0
481,2009-01-18 14:22:52.097,0,[],0
482,2009-01-18 17:38:53.623,0,[],0
483,2009-01-19 01:43:52.506,0,[],0
484,2009-01-19 05:00:57.426,0,[],0
485,2009-01-19 08:15:50.727,0,[],0
486,2009-01-19 11:34:53.918,0,[],0
487,2009-01-19 14:52:52.944,0,[],0
488,2009-01-19 18:08:54.025,1,"[{'lat': 22.772, 'long': -111.094, 'Time': Timestamp('2009-01-19 23:50:47'), 'mag': 5.3}]",1
489,2009-01-20 15:23:21.130,1,"[{'lat': 53.032, 'long': -35.101, 'Time': Timestamp('2009-01-22 14:34:28'), 'mag': 5.0}]",1
490,2009-01-20 18:38:19.308,0,[],0
491,2009-01-20 21:52:24.438,0,[],0
492,2009-01-21 01:06:21.065,0,[],0
493,2009-01-21 06:01:25.911,0,[],0
494,2009-01-21 09:16:19.324,0,[],0
495,2009-01-21 12:35:53.897,0,[],0
496,2009-01-22 06:31:25.490,0,[],0
497,2009-01-22 09:46:51.671,0,[],0
498,2009-01-22 13:06:23.299,0,[],0
499,2009-01-22 16:23:23.352,0,[],0
500,2009-01-22 19:37:53.718,0,[],0
501,2009-01-22 22:51:53.458,0,[],0
502,2009-01-23 08:38:19.277,0,[],0
503,2009-01-23 11:57:23.673,0,[],0
504,2009-01-23 15:15:22.811,0,[],0
505,2009-01-23 18:30:49.662,0,[],0
506,2009-01-24 07:31:54.953,1,"[{'lat': 38.181, 'long': 72.241, 'Time': Timestamp('2009-01-25 21:16:18'), 'mag': 5.0}]",1
507,2009-01-24 10:48:25.240,0,[],0
508,2009-01-24 14:06:50.411,0,[],0
509,2009-01-24 17:23:23.154,0,[],0
510,2009-01-24 20:37:19.413,0,[],0
511,2009-01-24 23:51:20.682,0,[],0
512,2009-01-25 11:18:48.214,0,[],0
513,2009-01-25 14:37:22.141,0,[],0
514,2009-01-25 21:06:53.608,0,[],0
515,2009-01-26 00:20:50.983,1,"[{'lat': 55.536, 'long': 164.298, 'Time': Timestamp('2009-01-27 23:57:13'), 'mag': 5.5}]",1
516,2009-01-26 10:09:22.248,0,[],0
517,2009-01-26 13:28:53.876,0,[],0
518,2009-01-26 16:45:23.929,0,[],0
519,2009-01-26 19:59:53.982,0,[],0
520,2009-01-26 23:13:54.036,0,[],0
521,2009-01-27 07:23:51.361,0,[],0
522,2009-01-27 10:40:21.873,0,[],0
523,2009-01-27 13:58:53.277,0,[],0
524,2009-01-27 17:15:23.330,0,[],0
525,2009-01-27 20:29:23.383,0,[],0
526,2009-01-27 23:43:23.437,0,[],0
527,2009-01-28 20:59:23.963,0,[],0
528,2009-01-29 00:13:16.013,0,[],0
529,2009-01-29 05:08:02.025,0,[],0
530,2009-01-29 08:24:23.005,0,[],0
531,2009-01-29 11:41:23.203,0,[],0
532,2009-01-29 14:59:50.903,1,"[{'lat': -8.108, 'long': -71.402, 'Time': Timestamp('2009-01-29 22:28:05'), 'mag': 5.6}]",1
533,2009-01-29 18:15:23.310,0,[],0
534,2009-01-29 21:28:53.364,0,[],0
535,2009-01-30 00:42:52.279,0,[],0
536,2009-01-30 07:15:56.816,0,[],0
537,2009-01-30 10:32:19.348,0,[],0
538,2009-01-30 13:51:23.631,0,[],0
539,2009-01-30 17:07:53.685,0,[],0
540,2009-01-30 20:21:53.738,0,[],0
541,2009-01-30 23:35:23.790,0,[],0
542,2009-01-31 07:46:20.789,0,[],0
543,2009-01-31 11:02:53.844,0,[],0
544,2009-01-31 14:21:25.104,0,[],0
545,2009-01-31 17:37:23.086,0,[],0
546,2009-02-01 06:37:51.613,0,[],0
547,2009-02-01 09:53:50.450,0,[],0
548,2009-02-01 13:12:53.819,0,[],0
549,2009-02-01 22:57:48.332,0,[],0
550,2009-02-02 07:07:56.993,0,[],0
551,2009-02-02 10:24:19.523,0,[],0
552,2009-02-02 13:43:23.808,0,[],0
553,2009-02-02 16:59:53.862,0,[],0
554,2009-02-02 20:13:53.915,0,[],0
555,2009-02-02 23:27:53.967,0,[],0
556,2009-02-03 07:38:25.390,0,[],0
557,2009-02-03 10:54:50.253,1,"[{'lat': -56.551, 'long': -25.513, 'Time': Timestamp('2009-02-05 10:40:24'), 'mag': 5.0}]",1
558,2009-02-03 14:13:14.649,0,[],0
559,2009-02-03 17:29:53.262,0,[],0
560,2009-02-03 20:43:53.316,0,[],0
561,2009-02-03 23:57:23.368,0,[],0
562,2009-02-04 08:08:25.791,0,[],0
563,2009-02-04 11:25:23.738,0,[],0
564,2009-02-04 14:43:51.326,0,[],0
565,2009-02-04 21:13:23.898,0,[],0
566,2009-02-05 00:27:21.273,0,[],0
567,2009-02-05 08:36:50.071,0,[],0
568,2009-02-05 11:55:53.140,0,[],0
569,2009-02-05 15:13:49.510,0,[],0
570,2009-02-05 18:29:23.247,0,[],0
571,2009-02-05 21:43:23.300,1,"[{'lat': -27.393, 'long': -176.447, 'Time': Timestamp('2009-02-05 23:14:36'), 'mag': 5.1}]",1
572,2009-02-06 00:57:20.886,0,[],0
573,2009-02-06 05:51:54.404,0,[],0
574,2009-02-06 09:07:20.472,0,[],0
575,2009-02-06 12:26:23.540,0,[],0
576,2009-02-06 15:44:18.918,0,[],0
577,2009-02-06 18:59:23.647,1,"[{'lat': -29.784, 'long': -111.941, 'Time': Timestamp('2009-02-08 06:34:30'), 'mag': 5.3}]",1
578,2009-02-06 22:12:53.701,0,[],0
579,2009-02-07 01:26:52.068,0,[],0
580,2009-02-07 06:22:24.805,0,[],0
581,2009-02-07 12:56:53.941,0,[],0
582,2009-02-07 16:14:23.996,0,[],0
583,2009-02-08 00:19:23.217,1,"[{'lat': -6.116, 'long': 147.824, 'Time': Timestamp('2009-02-08 15:34:37'), 'mag': 5.6}]",1
584,2009-02-08 05:14:32.137,0,[],0
585,2009-02-08 08:30:54.456,0,[],0
586,2009-02-08 11:47:53.316,0,[],0
587,2009-02-08 15:06:22.454,0,[],0
588,2009-02-08 21:35:23.476,0,[],0
589,2009-02-09 00:49:22.391,0,[],0
590,2009-02-09 05:44:24.580,0,[],0
591,2009-02-09 08:59:20.649,0,[],0
592,2009-02-09 12:18:20.257,0,[],0
593,2009-02-09 15:36:25.735,0,[],0
594,2009-02-09 18:51:13.612,0,[],0
595,2009-02-09 22:04:48.977,1,"[{'lat': -16.221, 'long': 178.329, 'Time': Timestamp('2009-02-11 13:52:41'), 'mag': 5.7}]",1
596,2009-02-10 01:19:21.575,0,[],0
597,2009-02-10 06:14:22.436,0,[],0
598,2009-02-10 09:29:47.065,0,[],0
599,2009-02-10 12:48:53.118,0,[],0
600,2009-02-10 16:06:23.172,1,"[{'lat': -20.249, 'long': -68.794, 'Time': Timestamp('2009-02-11 20:45:32'), 'mag': 5.3}]",1
601,2009-02-10 19:21:23.225,0,[],0
602,2009-02-10 22:34:53.277,0,[],0
603,2009-02-11 06:44:24.382,0,[],0
604,2009-02-11 10:00:20.747,0,[],0
605,2009-02-11 13:19:23.703,0,[],0
606,2009-02-11 16:36:23.757,1,"[{'lat': -8.517, 'long': -73.993, 'Time': Timestamp('2009-02-13 13:18:36'), 'mag': 5.2}]",1
607,2009-02-11 19:50:53.810,0,[],0
608,2009-02-11 23:04:23.863,0,[],0
609,2009-02-12 07:14:57.289,0,[],0
610,2009-02-12 10:30:49.820,0,[],0
611,2009-02-12 13:49:51.297,0,[],0
612,2009-02-12 17:06:23.158,0,[],0
613,2009-02-12 20:20:23.210,0,[],0
614,2009-02-12 23:34:23.264,0,[],0
615,2009-02-13 07:44:59.782,0,[],0
616,2009-02-13 12:40:53.479,0,[],0
617,2009-02-13 15:58:50.965,0,[],0
618,2009-02-13 19:13:19.691,0,[],0
619,2009-02-13 22:26:53.638,0,[],0
620,2009-02-14 01:41:17.017,1,"[{'lat': -5.417, 'long': 151.72, 'Time': Timestamp('2009-02-14 20:29:11'), 'mag': 5.4}, {'lat': -3.664, 'long': 149.608, 'Time': Timestamp('2009-02-16 00:33:36'), 'mag': 5.1}, {'lat': 4.182, 'long': 126.747, 'Time': Timestamp('2009-02-14 05:30:10'), 'mag': 5.0}, {'lat': 3.974, 'long': 126.714, 'Time': Timestamp('2009-02-15 04:40:33'), 'mag': 5.1}, {'lat': 4.025, 'long': 126.618, 'Time': Timestamp('2009-02-15 16:16:52'), 'mag': 5.0}]",5
621,2009-02-14 06:36:23.415,0,[],0
622,2009-02-14 09:52:22.251,0,[],0
623,2009-02-14 13:11:23.880,0,[],0
624,2009-02-14 16:28:53.934,0,[],0
625,2009-02-14 19:43:23.987,0,[],0
626,2009-02-14 22:56:54.039,0,[],0
627,2009-02-15 02:11:21.842,0,[],0
628,2009-02-15 07:06:56.466,0,[],0
629,2009-02-15 10:22:50.325,1,"[{'lat': 39.107, 'long': 29.039, 'Time': Timestamp('2009-02-17 05:28:19'), 'mag': 5.2}]",1
630,2009-02-15 13:41:53.280,0,[],0
631,2009-02-15 16:58:23.334,0,[],0
632,2009-02-15 20:12:53.387,0,[],0
633,2009-02-15 23:26:23.440,1,"[{'lat': -8.581, 'long': 157.654, 'Time': Timestamp('2009-02-16 15:02:44'), 'mag': 5.0}]",1
634,2009-02-16 07:36:51.766,0,[],0
635,2009-02-16 10:53:20.725,0,[],0
636,2009-02-16 14:12:15.122,0,[],0
637,2009-02-16 17:28:23.735,0,[],0
638,2009-02-16 20:42:23.788,0,[],0
639,2009-02-16 23:56:23.841,0,[],0
640,2009-02-17 04:51:02.850,0,[],0
641,2009-02-17 08:07:24.935,0,[],0
642,2009-02-17 11:23:58.873,0,[],0
643,2009-02-17 14:42:19.065,0,[],0
644,2009-02-17 17:58:21.339,0,[],0
645,2009-02-17 21:12:18.512,0,[],0
646,2009-02-18 00:25:45.239,0,[],0
647,2009-02-18 06:58:56.642,0,[],0
648,2009-02-18 10:14:54.782,0,[],0
649,2009-02-18 13:33:53.641,0,[],0
650,2009-02-18 23:18:53.801,1,"[{'lat': -18.365, 'long': -178.749, 'Time': Timestamp('2009-02-20 01:46:17'), 'mag': 5.6}]",1
651,2009-02-19 07:28:52.127,1,"[{'lat': 34.203, 'long': 73.9, 'Time': Timestamp('2009-02-20 03:48:48'), 'mag': 5.5}]",1
652,2009-02-19 10:45:21.086,0,[],0
653,2009-02-19 14:04:22.793,0,[],0
654,2009-02-19 17:20:53.096,0,[],0
655,2009-02-19 20:34:53.149,0,[],0
656,2009-02-19 23:48:23.202,0,[],0
657,2009-02-20 07:59:20.200,0,[],0
658,2009-02-20 11:16:23.389,0,[],0
659,2009-02-20 14:34:49.315,0,[],0
660,2009-02-20 17:50:23.497,0,[],0
661,2009-02-20 22:41:23.576,0,[],0
662,2009-02-21 06:50:54.681,0,[],0
663,2009-02-21 10:06:54.958,0,[],0
664,2009-02-21 13:26:23.818,1,"[{'lat': 55.472, 'long': -35.115, 'Time': Timestamp('2009-02-21 15:40:43'), 'mag': 5.1}, {'lat': 55.451, 'long': -35.066, 'Time': Timestamp('2009-02-21 16:53:54'), 'mag': 5.4}]",2
665,2009-02-21 16:42:53.871,0,[],0
666,2009-02-21 19:57:23.924,0,[],0
667,2009-02-21 23:10:53.978,0,[],0
668,2009-02-22 07:21:21.303,0,[],0
669,2009-02-22 10:37:21.591,0,[],0
670,2009-02-22 13:56:23.219,0,[],0
671,2009-02-22 23:40:53.379,0,[],0
672,2009-02-23 07:51:21.705,0,[],0
673,2009-02-23 11:07:53.565,0,[],0
674,2009-02-23 14:26:50.708,0,[],0
675,2009-02-23 17:42:53.674,0,[],0
676,2009-02-23 20:56:53.727,0,[],0
677,2009-02-24 00:10:17.106,1,"[{'lat': -23.18, 'long': 170.557, 'Time': Timestamp('2009-02-24 12:39:41'), 'mag': 5.7}, {'lat': -23.146, 'long': 170.559, 'Time': Timestamp('2009-02-25 09:19:48'), 'mag': 5.3}]",2
678,2009-02-24 08:19:52.217,0,[],0
679,2009-02-24 11:38:53.967,0,[],0
680,2009-02-24 14:56:52.994,0,[],0
681,2009-02-24 18:12:50.838,0,[],0
682,2009-02-24 21:26:18.339,0,[],0
683,2009-02-25 00:40:19.609,0,[],0
684,2009-02-25 03:57:23.759,1,"[{'lat': 19.017, 'long': 121.265, 'Time': Timestamp('2009-02-26 12:32:52'), 'mag': 5.5}]",1
685,2009-02-25 07:13:26.580,0,[],0
686,2009-02-25 10:29:25.493,0,[],0
687,2009-02-25 13:48:23.583,0,[],0
688,2009-02-25 23:32:53.742,0,[],0
689,2009-02-26 07:43:17.972,0,[],0
690,2009-02-26 11:00:23.796,0,[],0
691,2009-02-26 14:18:55.055,0,[],0
692,2009-02-26 17:34:54.037,0,[],0
693,2009-02-26 20:48:53.090,0,[],0
694,2009-02-27 00:02:53.143,0,[],0
695,2009-02-27 04:57:32.153,0,[],0
696,2009-02-27 08:13:51.581,0,[],0
697,2009-02-27 11:30:53.331,0,[],0
698,2009-02-27 14:49:21.031,1,"[{'lat': -45.114, 'long': -80.698, 'Time': Timestamp('2009-02-28 00:50:08'), 'mag': 5.2}]",1
699,2009-02-27 18:04:53.438,0,[],0
700,2009-02-27 21:18:53.491,0,[],0
701,2009-02-28 00:32:15.542,0,[],0
702,2009-02-28 07:05:22.848,0,[],0
703,2009-02-28 10:21:20.803,0,[],0
704,2009-02-28 13:40:53.759,0,[],0
705,2009-02-28 16:57:23.813,0,[],0
706,2009-02-28 20:11:23.866,0,[],0
707,2009-02-28 23:25:23.918,1,"[{'lat': -21.762, 'long': -176.58, 'Time': Timestamp('2009-03-01 15:42:13'), 'mag': 5.5}]",1
708,2009-03-01 07:35:55.012,1,"[{'lat': 30.518, 'long': 67.776, 'Time': Timestamp('2009-03-02 15:05:02'), 'mag': 5.0}]",1
709,2009-03-01 10:52:22.972,1,"[{'lat': -56.347, 'long': -27.064, 'Time': Timestamp('2009-03-03 06:05:03'), 'mag': 5.3}]",1
710,2009-03-01 14:10:45.928,0,[],0
711,2009-03-01 20:41:23.267,0,[],0
712,2009-03-01 23:54:53.319,1,"[{'lat': -4.874, 'long': 153.465, 'Time': Timestamp('2009-03-02 07:56:14'), 'mag': 5.0}]",1
713,2009-03-02 08:05:46.221,0,[],0
714,2009-03-02 11:22:53.507,0,[],0
715,2009-03-02 16:19:23.588,0,[],0
716,2009-03-02 19:33:51.186,0,[],0
717,2009-03-02 22:47:53.694,0,[],0
718,2009-03-03 06:57:28.449,0,[],0
719,2009-03-03 10:13:50.979,0,[],0
720,2009-03-03 13:32:53.936,0,[],0
721,2009-03-03 16:49:23.989,0,[],0
722,2009-03-03 20:03:54.042,0,[],0
723,2009-03-03 23:17:23.095,0,[],0
724,2009-03-04 12:23:51.256,0,[],0
725,2009-03-04 15:41:50.093,0,[],0
726,2009-03-04 22:10:23.659,0,[],0
727,2009-03-05 01:24:22.027,0,[],0
728,2009-03-05 06:19:26.092,0,[],0
729,2009-03-05 09:35:20.944,0,[],0
730,2009-03-05 12:54:23.900,0,[],0
731,2009-03-05 16:11:53.954,0,[],0
732,2009-03-05 19:26:24.007,0,[],0
733,2009-03-05 22:39:54.059,0,[],0
734,2009-03-06 01:54:20.647,0,[],0
735,2009-03-06 05:11:26.783,0,[],0
736,2009-03-06 08:26:21.535,0,[],0
737,2009-03-06 11:45:23.274,0,[],0
738,2009-03-06 15:03:49.645,0,[],0
739,2009-03-06 18:18:53.381,0,[],0
740,2009-03-06 21:32:53.434,0,[],0
741,2009-03-07 00:46:52.349,0,[],0
742,2009-03-07 07:19:51.787,0,[],0
743,2009-03-07 10:34:24.841,0,[],0
744,2009-03-07 13:55:24.663,0,[],0
745,2009-03-07 17:11:53.756,0,[],0
746,2009-03-07 20:25:53.808,0,[],0
747,2009-03-07 23:39:23.862,0,[],0
748,2009-03-08 07:50:20.860,0,[],0
749,2009-03-08 11:06:54.049,0,[],0
750,2009-03-08 14:25:21.518,0,[],0
751,2009-03-08 20:55:23.209,0,[],0
752,2009-03-09 05:03:52.864,0,[],0
753,2009-03-09 08:20:20.483,0,[],0
754,2009-03-09 11:37:23.450,0,[],0
755,2009-03-09 14:55:51.150,0,[],0
756,2009-03-09 18:11:23.557,1,"[{'lat': 16.46, 'long': -93.65, 'Time': Timestamp('2009-03-10 00:36:44'), 'mag': 5.0}]",1
757,2009-03-09 21:25:23.611,1,"[{'lat': -22.51, 'long': -174.703, 'Time': Timestamp('2009-03-11 02:56:33'), 'mag': 5.0}]",1
758,2009-03-10 00:38:52.525,0,[],0
759,2009-03-10 07:11:52.967,0,[],0
760,2009-03-10 10:28:27.787,0,[],0
761,2009-03-10 13:47:23.878,0,[],0
762,2009-03-10 17:03:53.932,0,[],0
763,2009-03-10 20:17:53.985,0,[],0
764,2009-03-10 23:31:54.038,1,"[{'lat': -9.807, 'long': 159.817, 'Time': Timestamp('2009-03-12 15:13:24'), 'mag': 5.0}]",1
765,2009-03-11 07:42:24.132,0,[],0
766,2009-03-11 10:58:53.284,0,[],0
767,2009-03-11 14:17:19.119,0,[],0
768,2009-03-12 01:38:49.639,0,[],0
769,2009-03-12 06:33:53.380,0,[],0
770,2009-03-12 09:49:50.890,0,[],0
771,2009-03-12 13:08:53.846,0,[],0
772,2009-03-12 16:25:53.899,0,[],0
773,2009-03-12 19:40:24.265,0,[],0
774,2009-03-12 22:54:24.005,0,[],0
775,2009-03-13 07:04:26.431,0,[],0
776,2009-03-13 10:20:20.290,0,[],0
777,2009-03-13 13:39:23.247,0,[],0
778,2009-03-13 16:55:53.300,0,[],0
779,2009-03-13 20:10:23.353,0,[],0
780,2009-03-13 23:23:53.406,1,"[{'lat': -37.017, 'long': 177.562, 'Time': Timestamp('2009-03-14 17:38:59'), 'mag': 5.0}]",1
781,2009-03-14 07:34:22.736,1,"[{'lat': 30.154, 'long': 68.474, 'Time': Timestamp('2009-03-14 13:26:23'), 'mag': 5.0}]",1
782,2009-03-14 10:50:50.691,0,[],0
783,2009-03-14 14:09:46.416,1,"[{'lat': -30.987, 'long': -65.396, 'Time': Timestamp('2009-03-15 13:50:38'), 'mag': 5.2}]",1
784,2009-03-14 17:25:53.701,1,"[{'lat': -40.386, 'long': -91.95, 'Time': Timestamp('2009-03-15 00:53:12'), 'mag': 5.1}, {'lat': -40.367, 'long': -91.622, 'Time': Timestamp('2009-03-15 00:56:32'), 'mag': 5.2}]",2
785,2009-03-14 20:39:51.299,0,[],0
786,2009-03-14 23:53:53.807,0,[],0
787,2009-03-15 08:02:50.035,1,"[{'lat': -26.949, 'long': 26.753, 'Time': Timestamp('2009-03-16 14:05:42'), 'mag': 5.0}]",1
788,2009-03-15 11:21:23.994,0,[],0
789,2009-03-15 14:39:51.359,0,[],0
790,2009-03-15 17:55:53.102,0,[],0
791,2009-03-15 21:08:25.443,0,[],0
792,2009-03-16 00:23:15.206,0,[],0
793,2009-03-16 08:32:50.328,0,[],0
794,2009-03-16 11:51:53.396,0,[],0
795,2009-03-16 15:10:22.535,0,[],0
796,2009-03-16 18:25:23.503,0,[],0
797,2009-03-16 21:38:24.628,0,[],0
798,2009-03-17 00:53:22.470,0,[],0
799,2009-03-17 05:48:23.332,0,[],0
800,2009-03-17 09:03:20.729,0,[],0
801,2009-03-17 12:22:23.796,0,[],0
802,2009-03-17 15:40:25.927,0,[],0
803,2009-03-17 18:55:23.904,0,[],0
804,2009-03-17 22:08:54.917,0,[],0
805,2009-03-18 07:56:50.651,0,[],0
806,2009-03-18 22:38:53.550,1,"[{'lat': -18.059, 'long': 167.459, 'Time': Timestamp('2009-03-20 14:21:49'), 'mag': 5.0}]",1
807,2009-03-19 06:48:22.544,0,[],0
808,2009-03-19 10:04:22.598,0,[],0
809,2009-03-19 13:23:22.876,0,[],0
810,2009-03-19 16:40:20.273,0,[],0
811,2009-03-19 19:54:50.215,0,[],0
812,2009-03-19 23:08:23.950,1,"[{'lat': -23.014, 'long': -175.313, 'Time': Timestamp('2009-03-20 11:23:39'), 'mag': 5.4}, {'lat': -23.136, 'long': -174.644, 'Time': Timestamp('2009-03-20 15:54:42'), 'mag': 5.0}, {'lat': -23.263, 'long': -175.323, 'Time': Timestamp('2009-03-21 01:18:35'), 'mag': 5.0}, {'lat': -23.434, 'long': -175.26, 'Time': Timestamp('2009-03-21 17:38:39'), 'mag': 5.0}]",4
813,2009-03-20 07:18:26.377,1,"[{'lat': -14.505, 'long': 66.103, 'Time': Timestamp('2009-03-21 23:22:39'), 'mag': 5.0}]",1
814,2009-03-20 10:34:50.236,0,[],0
815,2009-03-20 13:53:54.152,0,[],0
816,2009-03-20 17:10:23.245,0,[],0
817,2009-03-20 20:24:23.298,0,[],0
818,2009-03-20 23:38:23.351,0,[],0
819,2009-03-21 07:48:55.450,0,[],0
820,2009-03-21 11:05:23.538,1,"[{'lat': -12.931, 'long': -14.59, 'Time': Timestamp('2009-03-22 05:52:28'), 'mag': 5.1}, {'lat': -12.826, 'long': -14.553, 'Time': Timestamp('2009-03-22 06:06:35'), 'mag': 5.3}, {'lat': -12.867, 'long': -14.56, 'Time': Timestamp('2009-03-22 08:02:26'), 'mag': 5.1}, {'lat': -12.738, 'long': -14.687, 'Time': Timestamp('2009-03-22 12:54:51'), 'mag': 5.0}]",4
821,2009-03-21 14:24:20.680,0,[],0
822,2009-03-21 17:40:23.647,0,[],0
823,2009-03-21 20:53:49.124,0,[],0
824,2009-03-22 00:07:53.942,0,[],0
825,2009-03-22 08:17:15.884,0,[],0
826,2009-03-22 11:35:53.939,0,[],0
827,2009-03-22 14:54:22.968,0,[],0
828,2009-03-22 21:22:51.292,1,"[{'lat': -15.165, 'long': -173.714, 'Time': Timestamp('2009-03-24 18:12:49'), 'mag': 5.2}, {'lat': -22.817, 'long': -175.251, 'Time': Timestamp('2009-03-23 04:43:34'), 'mag': 5.1}]",2
829,2009-03-23 00:37:50.475,0,[],0
830,2009-03-23 05:32:25.644,1,"[{'lat': 5.364, 'long': 94.38, 'Time': Timestamp('2009-03-23 14:58:12'), 'mag': 5.1}, {'lat': 5.257, 'long': 94.31, 'Time': Timestamp('2009-03-24 04:35:45'), 'mag': 5.0}]",2
831,2009-03-23 08:47:21.601,0,[],0
832,2009-03-23 12:06:23.340,0,[],0
833,2009-03-23 15:24:25.248,0,[],0
834,2009-03-23 18:39:49.330,0,[],0
835,2009-03-23 21:53:21.916,0,[],0
836,2009-03-24 01:07:21.088,0,[],0
837,2009-03-24 06:02:25.933,0,[],0
838,2009-03-24 09:17:53.443,0,[],0
839,2009-03-24 12:36:53.742,0,[],0
840,2009-03-24 15:54:52.557,0,[],0
841,2009-03-24 19:09:21.282,0,[],0
842,2009-03-24 22:23:23.902,0,[],0
843,2009-03-25 01:37:22.270,0,[],0
844,2009-03-25 06:32:57.775,0,[],0
845,2009-03-25 09:48:21.709,0,[],0
846,2009-03-25 13:07:23.337,0,[],0
847,2009-03-25 22:52:53.497,0,[],0
848,2009-03-26 02:07:21.084,1,"[{'lat': 27.415, 'long': 126.702, 'Time': Timestamp('2009-03-26 19:19:59'), 'mag': 5.9}]",1
849,2009-03-26 05:24:26.014,0,[],0
850,2009-03-26 08:39:20.643,0,[],0
851,2009-03-26 11:58:23.711,0,[],0
852,2009-03-26 15:16:51.522,0,[],0
853,2009-03-26 18:31:49.700,0,[],0
854,2009-03-26 21:44:54.943,0,[],0
855,2009-03-27 00:59:51.458,0,[],0
856,2009-03-27 05:54:57.743,0,[],0
857,2009-03-27 09:09:51.045,0,[],0
858,2009-03-27 12:28:53.112,0,[],0
859,2009-03-27 15:46:51.928,0,[],0
860,2009-03-27 19:01:49.212,0,[],0
861,2009-03-27 22:15:21.353,0,[],0
862,2009-03-28 06:24:51.609,0,[],0
863,2009-03-28 09:40:21.886,0,[],0
864,2009-03-28 12:59:23.513,0,[],0
865,2009-03-28 16:16:53.567,0,[],0
866,2009-03-28 19:31:23.933,0,[],0
867,2009-03-28 22:44:53.673,0,[],0
868,2009-03-29 08:33:25.028,0,[],0
869,2009-03-29 11:50:23.887,0,[],0
870,2009-03-29 15:08:53.026,0,[],0
871,2009-03-29 21:37:52.463,0,[],0
872,2009-03-30 00:51:51.962,0,[],0
873,2009-03-30 05:46:54.152,0,[],0
874,2009-03-30 09:01:50.221,0,[],0
875,2009-03-30 12:21:23.288,0,[],0
876,2009-03-30 15:38:52.651,0,[],0
877,2009-03-30 18:53:53.396,0,[],0
878,2009-03-30 22:07:23.080,0,[],0
879,2009-03-31 01:21:50.488,1,"[{'lat': -6.787, 'long': 155.089, 'Time': Timestamp('2009-03-31 02:33:01'), 'mag': 5.0}]",1
880,2009-03-31 06:16:54.776,0,[],0
881,2009-03-31 09:32:16.638,0,[],0
882,2009-03-31 12:51:53.690,0,[],0
883,2009-03-31 16:08:53.744,0,[],0
884,2009-03-31 19:23:53.797,0,[],0
885,2009-04-01 00:14:15.874,0,[],0
886,2009-04-01 05:08:53.477,1,"[{'lat': -3.513, 'long': 100.628, 'Time': Timestamp('2009-04-01 14:27:46'), 'mag': 5.3}]",1
887,2009-04-01 08:23:50.996,0,[],0
888,2009-04-01 11:42:23.259,0,[],0
889,2009-04-01 15:00:48.190,0,[],0
890,2009-04-01 21:30:23.420,0,[],0
891,2009-04-02 00:44:23.472,0,[],0
892,2009-04-02 05:38:55.964,0,[],0
893,2009-04-02 08:53:51.921,0,[],0
894,2009-04-02 12:13:23.660,0,[],0
895,2009-04-02 15:30:48.815,0,[],0
896,2009-04-02 18:46:18.321,0,[],0
897,2009-04-02 21:59:52.012,0,[],0
898,2009-04-03 01:13:50.860,0,[],0
899,2009-04-03 06:08:56.689,0,[],0
900,2009-04-03 09:24:22.433,0,[],0
901,2009-04-03 12:43:54.062,1,"[{'lat': -55.976, 'long': -27.727, 'Time': Timestamp('2009-04-04 18:39:17'), 'mag': 5.5}]",1
902,2009-04-03 16:01:21.318,1,"[{'lat': -27.842, 'long': -66.593, 'Time': Timestamp('2009-04-03 17:54:50'), 'mag': 5.7}]",1
903,2009-04-03 19:15:53.168,0,[],0
904,2009-04-04 00:06:23.437,0,[],0
905,2009-04-04 08:15:52.354,0,[],0
906,2009-04-04 11:34:53.436,1,"[{'lat': 42.334, 'long': 13.334, 'Time': Timestamp('2009-04-06 01:32:39'), 'mag': 6.3}]",1
907,2009-04-04 21:22:23.596,0,[],0
908,2009-04-05 00:36:20.970,1,"[{'lat': 48.389, 'long': 154.819, 'Time': Timestamp('2009-04-06 09:47:39'), 'mag': 5.1}]",1
909,2009-04-05 10:25:20.907,0,[],0
910,2009-04-05 13:44:23.863,0,[],0
911,2009-04-05 23:28:54.023,0,[],0
912,2009-04-06 07:39:20.579,0,[],0
913,2009-04-08 10:17:20.282,0,[],0
914,2009-04-08 13:36:23.238,0,[],0
915,2009-04-08 23:21:23.397,1,"[{'lat': -8.893, 'long': 159.633, 'Time': Timestamp('2009-04-10 13:21:51'), 'mag': 5.0}]",1
916,2009-04-09 07:31:22.728,0,[],0
917,2009-04-09 10:47:50.683,0,[],0
918,2009-04-09 14:06:50.950,0,[],0
919,2009-04-09 17:23:23.693,0,[],0
920,2009-04-09 20:37:23.746,0,[],0
921,2009-04-09 23:50:53.798,0,[],0
922,2009-04-10 03:07:25.046,1,"[{'lat': -3.121, 'long': 127.5, 'Time': Timestamp('2009-04-10 05:40:32'), 'mag': 5.4}]",1
923,2009-04-10 06:23:26.784,0,[],0
924,2009-04-10 09:38:52.385,0,[],0
925,2009-04-10 12:58:24.013,0,[],0
926,2009-04-10 16:15:24.066,0,[],0
927,2009-04-10 19:29:53.120,0,[],0
928,2009-04-10 22:43:55.137,0,[],0
929,2009-04-11 08:30:16.994,0,[],0
930,2009-04-12 07:23:55.672,0,[],0
931,2009-04-12 12:19:53.788,0,[],0
932,2009-04-12 15:37:16.287,0,[],0
933,2009-04-12 18:52:23.895,0,[],0
934,2009-04-12 22:06:19.373,0,[],0
935,2009-04-13 01:20:22.316,0,[],0
936,2009-04-13 06:15:25.381,0,[],0
937,2009-04-13 09:30:46.138,0,[],0
938,2009-04-13 12:50:23.190,0,[],0
939,2009-04-13 16:07:23.243,0,[],0
940,2009-04-13 19:22:23.296,1,"[{'lat': -62.962, 'long': -157.704, 'Time': Timestamp('2009-04-15 02:54:52'), 'mag': 5.2}]",1
941,2009-04-13 22:35:53.350,0,[],0
942,2009-04-14 01:50:20.936,1,"[{'lat': 26.968, 'long': 129.848, 'Time': Timestamp('2009-04-15 07:23:37'), 'mag': 5.1}]",1
943,2009-04-14 06:45:24.454,0,[],0
944,2009-04-14 10:01:21.963,0,[],0
945,2009-04-14 13:20:53.591,0,[],0
946,2009-04-14 16:37:23.645,0,[],0
947,2009-04-14 19:51:53.698,0,[],0
948,2009-04-15 00:42:51.311,0,[],0
949,2009-04-15 05:37:26.268,0,[],0
950,2009-04-15 08:52:22.225,0,[],0
951,2009-04-15 12:11:53.163,0,[],0
952,2009-04-15 15:29:22.413,0,[],0
953,2009-04-15 18:44:47.824,0,[],0
954,2009-04-15 21:58:21.515,0,[],0
955,2009-04-16 01:12:20.362,1,"[{'lat': -9.23, 'long': 158.996, 'Time': Timestamp('2009-04-17 16:11:56'), 'mag': 5.4}]",1
956,2009-04-16 06:07:23.423,0,[],0
957,2009-04-16 09:22:51.936,0,[],0
958,2009-04-16 12:42:23.564,0,[],0
959,2009-04-16 15:59:51.821,1,"[{'lat': -23.286, 'long': -68.296, 'Time': Timestamp('2009-04-18 15:29:19'), 'mag': 5.1}]",1
960,2009-04-16 19:14:23.670,0,[],0
961,2009-04-16 22:28:23.723,0,[],0
962,2009-04-17 01:42:22.527,0,[],0
963,2009-04-17 06:37:57.596,0,[],0
964,2009-04-17 09:53:22.337,0,[],0
965,2009-04-17 13:12:53.965,0,[],0
966,2009-04-17 16:29:54.018,1,"[{'lat': 13.238, 'long': -92.633, 'Time': Timestamp('2009-04-18 07:06:29'), 'mag': 5.0}]",1
967,2009-04-17 19:44:24.072,0,[],0
968,2009-04-17 22:57:53.124,0,[],0
969,2009-04-18 02:12:21.928,1,"[{'lat': 14.839, 'long': 144.567, 'Time': Timestamp('2009-04-19 08:45:48'), 'mag': 5.0}, {'lat': 14.818, 'long': 144.559, 'Time': Timestamp('2009-04-19 08:54:46'), 'mag': 5.1}]",2
970,2009-04-18 07:07:57.656,0,[],0
971,2009-04-18 10:23:48.189,0,[],0
972,2009-04-18 13:42:48.467,1,"[{'lat': 53.464, 'long': -35.327, 'Time': Timestamp('2009-04-19 08:19:20'), 'mag': 5.0}, {'lat': 53.512, 'long': -35.224, 'Time': Timestamp('2009-04-19 08:20:08'), 'mag': 5.0}]",2
973,2009-04-18 16:59:53.420,0,[],0
974,2009-04-18 20:13:53.473,0,[],0
975,2009-04-18 23:27:23.526,0,[],0
976,2009-04-19 07:37:51.081,0,[],0
977,2009-04-19 10:54:20.812,0,[],0
978,2009-04-19 14:13:13.879,0,[],0
979,2009-04-19 20:43:23.874,0,[],0
980,2009-04-19 23:57:24.117,0,[],0
981,2009-04-20 04:52:02.936,0,[],0
982,2009-04-20 08:08:24.362,1,"[{'lat': 14.434, 'long': 56.283, 'Time': Timestamp('2009-04-21 19:45:03'), 'mag': 5.3}, {'lat': 14.39, 'long': 56.194, 'Time': Timestamp('2009-04-21 19:47:25'), 'mag': 5.1}, {'lat': 14.461, 'long': 56.294, 'Time': Timestamp('2009-04-21 20:08:43'), 'mag': 5.0}, {'lat': 14.378, 'long': 56.234, 'Time': Timestamp('2009-04-21 20:18:32'), 'mag': 5.0}]",4
983,2009-04-20 11:25:23.114,0,[],0
984,2009-04-20 14:43:52.142,0,[],0
985,2009-04-20 17:59:23.222,0,[],0
986,2009-04-20 21:13:23.275,0,[],0
987,2009-04-21 00:26:45.326,1,"[{'lat': -10.796, 'long': 166.028, 'Time': Timestamp('2009-04-21 21:09:59'), 'mag': 5.7}]",1
988,2009-04-21 06:59:56.727,0,[],0
989,2009-04-21 10:15:54.683,0,[],0
990,2009-04-21 13:34:53.543,0,[],0
991,2009-04-21 16:51:53.596,0,[],0
992,2009-04-21 20:05:53.649,0,[],0
993,2009-04-22 00:56:52.590,0,[],0
994,2009-04-22 05:51:54.780,0,[],0
995,2009-04-22 09:06:50.849,0,[],0
996,2009-04-22 12:26:23.917,0,[],0
997,2009-04-22 15:43:54.060,0,[],0
998,2009-04-22 22:12:24.077,0,[],0
999,2009-04-23 01:26:50.116,0,[],0
1000,2009-04-23 06:21:56.090,0,[],0
1001,2009-04-23 09:37:17.819,0,[],0
1002,2009-04-23 12:56:53.542,0,[],0
1003,2009-04-23 16:13:53.596,0,[],0
1004,2009-04-23 19:28:23.649,0,[],0
1005,2009-04-23 22:42:23.703,0,[],0
1006,2009-04-24 11:47:53.917,0,[],0
1007,2009-04-24 15:05:53.056,0,[],0
1008,2009-04-24 18:21:24.024,0,[],0
1009,2009-04-25 07:22:24.755,0,[],0
1010,2009-04-25 10:38:20.713,0,[],0
1011,2009-04-25 13:57:19.662,0,[],0
1012,2009-04-25 17:13:49.716,0,[],0
1013,2009-04-25 20:27:50.986,0,[],0
1014,2009-04-25 23:41:53.504,0,[],0
1015,2009-04-26 07:52:26.931,0,[],0
1016,2009-04-26 11:09:23.692,0,[],0
1017,2009-04-26 14:27:53.601,0,[],0
1018,2009-04-26 20:57:53.852,0,[],0
1019,2009-04-27 00:11:18.570,0,[],0
1020,2009-04-27 08:20:53.682,0,[],0
1021,2009-04-27 11:39:53.093,0,[],0
1022,2009-04-27 14:57:52.121,0,[],0
1023,2009-04-27 18:13:23.200,0,[],0
1024,2009-04-27 21:27:23.253,0,[],0
1025,2009-04-28 00:41:20.840,0,[],0
1026,2009-04-28 08:51:20.427,0,[],0
1027,2009-04-28 12:10:23.494,0,[],0
1028,2009-04-28 15:28:18.649,0,[],0
1029,2009-04-28 18:43:18.156,0,[],0
1030,2009-04-28 21:56:53.175,0,[],0
1031,2009-04-29 01:10:50.694,0,[],0
1032,2009-04-29 06:06:22.427,0,[],0
1033,2009-04-29 09:21:23.768,0,[],0
1034,2009-04-29 12:40:54.067,0,[],0
1035,2009-04-29 22:26:53.227,0,[],0
1036,2009-04-30 04:58:32.263,0,[],0
1037,2009-04-30 08:14:56.568,1,"[{'lat': 27.742, 'long': 61.422, 'Time': Timestamp('2009-04-30 10:04:26'), 'mag': 5.2}]",1
1038,2009-04-30 11:31:53.441,0,[],0
1039,2009-04-30 14:50:25.236,0,[],0
1040,2009-04-30 18:05:53.549,0,[],0
1041,2009-04-30 21:19:23.602,0,[],0
1042,2009-05-01 00:33:20.976,0,[],0
1043,2009-05-01 07:06:27.054,0,[],0
1044,2009-05-01 10:22:20.913,0,[],0
1045,2009-05-01 13:41:53.870,0,[],0
1046,2009-05-01 16:58:23.923,0,[],0
1047,2009-05-01 20:12:23.976,0,[],0
1048,2009-05-01 23:26:24.029,1,"[{'lat': 54.531, 'long': -161.52, 'Time': Timestamp('2009-05-02 02:19:12'), 'mag': 5.6}]",1
1049,2009-05-02 07:36:53.353,0,[],0
1050,2009-05-02 10:53:23.082,0,[],0
1051,2009-05-02 14:11:44.711,0,[],0
1052,2009-05-02 17:28:21.081,0,[],0
1053,2009-05-02 23:55:50.852,0,[],0
1054,2009-05-03 03:12:22.346,0,[],0
1055,2009-05-03 06:28:22.399,0,[],0
1056,2009-05-03 09:44:20.689,0,[],0
1057,2009-05-03 13:03:23.645,0,[],0
1058,2009-05-03 22:48:53.805,0,[],0
1059,2009-05-04 06:58:27.231,0,[],0
1060,2009-05-04 10:14:53.858,0,[],0
1061,2009-05-04 13:33:54.046,0,[],0
1062,2009-05-04 16:50:23.100,0,[],0
1063,2009-05-04 20:04:53.153,1,"[{'lat': -56.588, 'long': -142.139, 'Time': Timestamp('2009-05-06 04:10:30'), 'mag': 5.2}]",1
1064,2009-05-04 23:18:23.206,0,[],0
1065,2009-05-05 07:28:52.536,0,[],0
1066,2009-05-05 10:45:20.491,0,[],0
1067,2009-05-05 14:03:52.086,0,[],0
1068,2009-05-05 17:20:23.501,0,[],0
1069,2009-05-05 20:34:23.554,0,[],0
1070,2009-05-05 23:48:23.606,1,"[{'lat': -6.533, 'long': 154.949, 'Time': Timestamp('2009-05-06 13:33:11'), 'mag': 5.2}]",1
1071,2009-05-06 07:58:51.274,0,[],0
1072,2009-05-06 11:15:53.998,0,[],0
1073,2009-05-06 14:34:19.923,1,"[{'lat': -32.057, 'long': -69.678, 'Time': Timestamp('2009-05-08 13:44:53'), 'mag': 5.4}]",1
1074,2009-05-06 21:03:53.159,0,[],0
1075,2009-05-07 00:17:50.533,0,[],0
1076,2009-05-07 03:34:53.678,1,"[{'lat': 3.36, 'long': 97.654, 'Time': Timestamp('2009-05-08 13:19:01'), 'mag': 5.2}]",1
1077,2009-05-07 06:50:52.962,1,"[{'lat': 25.448, 'long': 57.027, 'Time': Timestamp('2009-05-07 22:44:04'), 'mag': 5.0}]",1
1078,2009-05-07 10:06:54.567,0,[],0
1079,2009-05-07 13:25:53.427,0,[],0
1080,2009-05-07 16:42:53.480,0,[],0
1081,2009-05-07 19:56:53.533,0,[],0
1082,2009-05-07 23:10:53.586,0,[],0
1083,2009-05-08 07:20:52.917,0,[],0
1084,2009-05-08 10:37:24.967,0,[],0
1085,2009-05-08 13:56:23.828,0,[],0
1086,2009-05-08 17:12:23.881,0,[],0
1087,2009-05-08 20:26:53.934,0,[],0
1088,2009-05-08 23:40:23.987,0,[],0
1089,2009-05-09 11:07:53.175,0,[],0
1090,2009-05-09 19:19:23.309,0,[],0
1091,2009-05-09 22:33:23.362,0,[],0
1092,2009-05-10 06:42:54.467,0,[],0
1093,2009-05-10 10:01:06.473,0,[],0
1094,2009-05-10 13:17:51.583,0,[],0
1095,2009-05-10 23:02:51.520,0,[],0
1096,2009-05-11 08:49:50.910,0,[],0
1097,2009-05-11 12:08:53.977,1,"[{'lat': -30.054, 'long': -13.899, 'Time': Timestamp('2009-05-11 14:32:30'), 'mag': 5.2}]",1
1098,2009-05-11 15:26:49.132,0,[],0
1099,2009-05-11 18:41:48.966,0,[],0
1100,2009-05-11 21:55:51.330,0,[],0
1101,2009-05-12 01:09:47.521,1,"[{'lat': -6.401, 'long': 154.932, 'Time': Timestamp('2009-05-13 01:15:21'), 'mag': 5.1}]",1
1102,2009-05-12 06:04:56.005,0,[],0
1103,2009-05-12 10:59:53.217,1,"[{'lat': -55.873, 'long': -26.915, 'Time': Timestamp('2009-05-13 23:02:45'), 'mag': 5.4}]",1
1104,2009-05-12 14:18:24.477,0,[],0
1105,2009-05-12 17:34:53.459,0,[],0
1106,2009-05-12 20:48:23.512,0,[],0
1107,2009-05-13 00:02:23.565,0,[],0
1108,2009-05-13 08:13:24.000,0,[],0
1109,2009-05-13 11:30:23.753,0,[],0
1110,2009-05-13 14:48:52.986,0,[],0
1111,2009-05-13 18:04:24.066,0,[],0
1112,2009-05-13 21:18:23.119,0,[],0
1113,2009-05-14 00:32:17.937,0,[],0
1114,2009-05-14 05:26:55.663,0,[],0
1115,2009-05-14 08:41:50.292,0,[],0
1116,2009-05-14 12:00:53.360,0,[],0
1117,2009-05-14 15:18:51.170,0,[],0
1118,2009-05-14 23:24:53.546,0,[],0
1119,2009-05-15 07:35:25.198,0,[],0
1120,2009-05-15 10:51:50.832,0,[],0
1121,2009-05-15 14:10:45.228,0,[],0
1122,2009-05-15 17:26:53.842,0,[],0
1123,2009-05-15 22:17:53.921,0,[],0
1124,2009-05-16 01:31:52.288,1,"[{'lat': 54.092, 'long': 169.115, 'Time': Timestamp('2009-05-17 02:03:27'), 'mag': 5.2}]",1
1125,2009-05-16 06:27:25.025,0,[],0
1126,2009-05-16 11:22:23.135,0,[],0
1127,2009-05-16 14:40:50.723,0,[],0
1128,2009-05-16 17:56:53.243,0,[],0
1129,2009-05-16 21:10:23.295,0,[],0
1130,2009-05-17 00:24:15.347,0,[],0
1131,2009-05-17 10:13:24.704,0,[],0
1132,2009-05-17 13:32:23.564,0,[],0
1133,2009-05-17 16:49:23.617,0,[],0
1134,2009-05-17 20:03:23.670,0,[],0
1135,2009-05-17 23:17:23.723,0,[],0
1136,2009-05-18 07:27:23.054,0,[],0
1137,2009-05-18 10:43:47.795,0,[],0
1138,2009-05-18 14:02:51.275,0,[],0
1139,2009-05-18 23:46:53.124,1,"[{'lat': -19.063, 'long': 177.484, 'Time': Timestamp('2009-05-20 11:11:35'), 'mag': 5.0}]",1
1140,2009-05-19 04:41:22.725,0,[],0
1141,2009-05-19 07:57:50.791,1,"[{'lat': 25.248, 'long': 37.703, 'Time': Timestamp('2009-05-19 16:54:31'), 'mag': 5.0}, {'lat': 25.291, 'long': 37.74, 'Time': Timestamp('2009-05-19 17:35:01'), 'mag': 5.7}]",2
1142,2009-05-19 11:14:23.311,0,[],0
1143,2009-05-19 14:32:50.564,0,[],0
1144,2009-05-19 21:02:53.472,0,[],0
1145,2009-05-20 00:16:52.286,0,[],0
1146,2009-05-20 05:11:23.126,0,[],0
1147,2009-05-20 08:27:54.853,0,[],0
1148,2009-05-20 11:44:53.918,0,[],0
1149,2009-05-20 15:03:23.058,0,[],0
1150,2009-05-20 18:18:52.676,0,[],0
1151,2009-05-20 21:32:24.079,0,[],0
1152,2009-05-21 00:46:17.898,0,[],0
1153,2009-05-21 05:41:24.184,1,"[{'lat': 36.267, 'long': 77.538, 'Time': Timestamp('2009-05-21 12:33:55'), 'mag': 5.1}]",1
1154,2009-05-21 08:56:20.252,0,[],0
1155,2009-05-21 12:15:53.320,0,[],0
1156,2009-05-21 15:33:18.475,0,[],0
1157,2009-05-21 18:48:23.427,0,[],0
1158,2009-05-21 22:02:23.480,0,[],0
1159,2009-05-22 01:16:20.519,0,[],0
1160,2009-05-22 06:11:25.913,0,[],0
1161,2009-05-22 09:26:46.669,0,[],0
1162,2009-05-22 12:45:53.721,0,[],0
1163,2009-05-22 16:03:21.979,0,[],0
1164,2009-05-23 00:08:50.001,0,[],0
1165,2009-05-23 08:18:21.017,0,[],0
1166,2009-05-23 16:33:23.176,0,[],0
1167,2009-05-23 19:47:53.229,0,[],0
1168,2009-05-23 23:01:53.282,0,[],0
1169,2009-05-24 08:48:21.757,0,[],0
1170,2009-05-24 12:07:53.497,0,[],0
1171,2009-05-24 15:25:55.515,0,[],0
1172,2009-05-24 21:54:21.849,0,[],0
1173,2009-05-25 01:08:19.368,0,[],0
1174,2009-05-25 06:03:23.757,1,"[{'lat': -34.791, 'long': 54.525, 'Time': Timestamp('2009-05-26 01:18:54'), 'mag': 5.1}]",1
1175,2009-05-25 09:18:50.272,0,[],0
1176,2009-05-25 15:55:50.715,0,[],0
1177,2009-05-25 19:10:19.329,0,[],0
1178,2009-05-25 22:24:24.057,0,[],0
1179,2009-05-26 01:38:16.772,0,[],0
1180,2009-05-26 06:33:55.602,0,[],0
1181,2009-05-26 09:49:21.671,0,[],0
1182,2009-05-26 13:08:53.299,0,[],0
1183,2009-05-26 16:25:53.353,1,"[{'lat': 14.403, 'long': -92.303, 'Time': Timestamp('2009-05-28 00:23:43'), 'mag': 5.1}]",1
1184,2009-05-26 19:40:23.406,0,[],0
1185,2009-05-26 22:53:53.458,1,"[{'lat': -19.215, 'long': -172.793, 'Time': Timestamp('2009-05-27 02:08:45'), 'mag': 5.2}]",1
1186,2009-05-27 08:40:49.278,0,[],0
1187,2009-05-27 11:59:53.883,0,[],0
1188,2009-05-27 15:17:51.694,0,[],0
1189,2009-05-27 21:46:50.908,0,[],0
1190,2009-05-28 01:00:50.630,0,[],0
1191,2009-05-28 05:55:55.476,0,[],0
1192,2009-05-28 09:10:50.217,0,[],0
1193,2009-05-28 12:30:23.284,1,"[{'lat': -55.88, 'long': -28.178, 'Time': Timestamp('2009-05-28 21:07:47'), 'mag': 5.0}]",1
1194,2009-05-28 15:47:53.428,0,[],0
1195,2009-05-28 19:02:49.385,0,[],0
1196,2009-05-28 22:16:23.444,0,[],0
1197,2009-05-29 01:30:50.484,1,"[{'lat': -6.17, 'long': 151.093, 'Time': Timestamp('2009-05-29 23:48:01'), 'mag': 5.2}, {'lat': -6.542, 'long': 149.888, 'Time': Timestamp('2009-05-30 19:56:43'), 'mag': 5.3}]",2
1198,2009-05-29 04:48:02.480,0,[],0
1199,2009-05-29 08:04:19.141,0,[],0
1200,2009-05-29 11:21:23.659,0,[],0
1201,2009-05-29 14:39:51.246,0,[],0
1202,2009-05-29 17:55:23.766,0,[],0
1203,2009-05-29 22:46:23.845,0,[],0
1204,2009-05-30 08:32:49.664,0,[],0
1205,2009-05-30 11:51:54.059,0,[],0
1206,2009-05-30 15:09:52.198,0,[],0
1207,2009-05-30 18:25:23.167,0,[],0
1208,2009-05-30 21:38:53.220,0,[],0
1209,2009-05-31 00:52:48.039,0,[],0
1210,2009-05-31 05:47:54.325,0,[],0
1211,2009-05-31 09:03:20.393,0,[],0
1212,2009-05-31 12:22:23.461,0,[],0
1213,2009-05-31 15:39:50.167,0,[],0
1214,2009-05-31 18:54:53.568,0,[],0
1215,2009-06-01 07:56:23.414,1,"[{'lat': -37.943, 'long': 49.275, 'Time': Timestamp('2009-06-03 04:36:42'), 'mag': 5.2}]",1
1216,2009-06-01 11:13:23.835,0,[],0
1217,2009-06-01 14:31:41.568,0,[],0
1218,2009-06-01 21:01:20.313,1,"[{'lat': -62.834, 'long': -158.432, 'Time': Timestamp('2009-06-02 06:27:03'), 'mag': 5.5}]",1
1219,2009-06-02 00:15:22.910,1,"[{'lat': -17.757, 'long': 167.949, 'Time': Timestamp('2009-06-02 02:17:03'), 'mag': 6.3}, {'lat': -17.761, 'long': 167.857, 'Time': Timestamp('2009-06-02 02:26:53'), 'mag': 5.7}, {'lat': -17.671, 'long': 167.686, 'Time': Timestamp('2009-06-02 02:50:33'), 'mag': 5.0}, {'lat': -17.777, 'long': 167.885, 'Time': Timestamp('2009-06-02 02:55:14'), 'mag': 5.5}, {'lat': -17.873, 'long': 167.81, 'Time': Timestamp('2009-06-02 16:01:37'), 'mag': 5.0}, {'lat': -17.836, 'long': 167.618, 'Time': Timestamp('2009-06-03 14:30:59'), 'mag': 5.0}]",6
1220,2009-06-02 08:24:51.497,0,[],0
1221,2009-06-02 11:43:53.236,0,[],0
1222,2009-06-02 15:01:53.704,0,[],0
1223,2009-06-02 18:17:23.343,0,[],0
1224,2009-06-03 08:55:20.570,0,[],0
1225,2009-06-03 12:14:23.850,0,[],0
1226,2009-06-03 15:32:19.005,0,[],0
1227,2009-06-03 22:00:54.010,0,[],0
1228,2009-06-04 07:48:43.283,0,[],0
1229,2009-06-04 11:05:23.224,0,[],0
1230,2009-06-04 14:23:54.462,0,[],0
1231,2009-06-04 17:39:53.332,0,[],0
1232,2009-06-04 20:53:53.385,0,[],0
1233,2009-06-05 00:07:49.531,0,[],0
1234,2009-06-05 05:02:32.447,0,[],0
1235,2009-06-05 08:18:50.659,0,[],0
1236,2009-06-05 11:35:53.625,0,[],0
1237,2009-06-05 14:54:21.324,1,"[{'lat': -8.629, 'long': -74.679, 'Time': Timestamp('2009-06-06 21:51:21'), 'mag': 5.2}]",1
1238,2009-06-05 18:09:53.733,0,[],0
1239,2009-06-06 08:47:20.959,0,[],0
1240,2009-06-06 12:06:24.026,0,[],0
1241,2009-06-06 15:24:18.181,1,"[{'lat': 23.864, 'long': -46.105, 'Time': Timestamp('2009-06-06 20:33:28'), 'mag': 6.0}]",1
1242,2009-06-06 18:39:19.016,1,"[{'lat': -53.384, 'long': -116.869, 'Time': Timestamp('2009-06-08 09:38:50'), 'mag': 5.1}]",1
1243,2009-06-06 21:53:21.379,1,"[{'lat': 58.7695, 'long': -136.6582, 'Time': Timestamp('2009-06-07 23:24:35'), 'mag': 5.0}]",1
1244,2009-06-07 01:07:17.570,0,[],0
1245,2009-06-07 06:02:26.055,0,[],0
1246,2009-06-07 09:17:51.800,0,[],0
1247,2009-06-07 12:36:53.427,1,"[{'lat': -36.696, 'long': -20.074, 'Time': Timestamp('2009-06-07 17:48:39'), 'mag': 5.2}]",1
1248,2009-06-07 22:22:53.588,1,"[{'lat': -22.685, 'long': 171.469, 'Time': Timestamp('2009-06-09 05:11:04'), 'mag': 5.5}]",1
1249,2009-06-08 01:37:16.967,1,"[{'lat': -6.025, 'long': 127.83, 'Time': Timestamp('2009-06-09 06:30:30'), 'mag': 5.0}]",1
1250,2009-06-08 06:32:20.474,0,[],0
1251,2009-06-08 09:48:20.873,0,[],0
1252,2009-06-08 13:07:23.829,0,[],0
1253,2009-06-08 16:24:23.883,1,"[{'lat': -8.693, 'long': -71.506, 'Time': Timestamp('2009-06-08 20:20:05'), 'mag': 5.4}]",1
1254,2009-06-08 19:38:48.814,0,[],0
1255,2009-06-19 10:25:20.833,1,"[{'lat': 37.68, 'long': 26.86, 'Time': Timestamp('2009-06-20 08:28:19'), 'mag': 5.1}]",1
1256,2009-06-19 13:44:23.789,0,[],0
1257,2009-06-19 17:00:53.843,0,[],0
1258,2009-06-19 20:15:23.895,0,[],0
1259,2009-06-19 23:28:53.949,0,[],0
1260,2009-06-20 07:39:22.715,0,[],0
1261,2009-06-20 10:56:23.002,0,[],0
1262,2009-06-20 14:14:51.606,0,[],0
1263,2009-06-20 17:30:53.244,0,[],0
1264,2009-06-20 20:44:53.297,0,[],0
1265,2009-06-20 23:58:53.350,0,[],0
1266,2009-06-21 06:31:24.306,0,[],0
1267,2009-06-21 09:47:36.993,0,[],0
1268,2009-06-21 13:06:23.564,0,[],0
1269,2009-06-21 22:51:23.724,1,"[{'lat': 61.9391, 'long': -150.704, 'Time': Timestamp('2009-06-22 19:28:05'), 'mag': 5.4}, {'lat': 51.277, 'long': -178.201, 'Time': Timestamp('2009-06-22 19:55:24'), 'mag': 5.7}, {'lat': 51.346, 'long': -178.248, 'Time': Timestamp('2009-06-22 21:05:33'), 'mag': 5.4}]",3
1270,2009-06-22 07:02:01.682,0,[],0
1271,2009-06-22 10:17:21.010,0,[],0
1272,2009-06-22 13:36:53.966,0,[],0
1273,2009-06-22 16:53:24.019,0,[],0
1274,2009-06-22 20:07:24.072,0,[],0
1275,2009-06-22 23:21:23.125,0,[],0
1276,2009-06-23 07:31:52.891,0,[],0
1277,2009-06-23 10:48:23.179,0,[],0
1278,2009-06-23 14:06:46.136,0,[],0
1279,2009-06-23 17:23:23.421,0,[],0
1280,2009-06-23 20:37:23.473,0,[],0
1281,2009-06-24 08:01:50.636,0,[],0
1282,2009-06-24 12:58:21.943,0,[],0
1283,2009-06-24 22:43:53.122,1,"[{'lat': -19.306, 'long': 169.296, 'Time': Timestamp('2009-06-25 06:43:48'), 'mag': 5.2}]",1
1284,2009-06-25 06:53:24.216,0,[],0
1285,2009-06-25 10:09:50.408,0,[],0
1286,2009-06-25 13:28:53.363,0,[],0
1287,2009-06-25 16:45:23.417,0,[],0
1288,2009-06-25 19:59:53.470,0,[],0
1289,2009-06-25 23:13:23.523,0,[],0
1290,2009-06-26 07:23:53.289,1,"[{'lat': -31.763, 'long': 58.379, 'Time': Timestamp('2009-06-28 00:04:22'), 'mag': 5.0}]",1
1291,2009-06-26 10:40:20.809,1,"[{'lat': -33.201, 'long': -15.935, 'Time': Timestamp('2009-06-27 15:45:49'), 'mag': 5.6}]",1
1292,2009-06-26 13:59:24.725,0,[],0
1293,2009-06-26 17:15:23.819,0,[],0
1294,2009-06-26 20:29:23.871,0,[],0
1295,2009-06-26 23:43:23.924,0,[],0
1296,2009-06-27 07:53:45.498,0,[],0
1297,2009-06-27 11:10:53.112,0,[],0
1298,2009-06-27 14:29:20.365,1,"[{'lat': -45.633, 'long': -76.495, 'Time': Timestamp('2009-06-29 03:07:30'), 'mag': 5.3}]",1
1299,2009-06-27 17:45:23.220,0,[],0
1300,2009-06-27 20:59:23.273,0,[],0
1301,2009-06-28 00:12:50.748,0,[],0
1302,2009-06-28 03:29:53.792,1,"[{'lat': 1.342, 'long': 122.286, 'Time': Timestamp('2009-06-28 14:18:44'), 'mag': 5.0}, {'lat': 1.381, 'long': 122.204, 'Time': Timestamp('2009-06-28 14:19:30'), 'mag': 5.7}]",2
1303,2009-06-28 08:24:20.557,0,[],0
1304,2009-06-28 11:41:23.513,0,[],0
1305,2009-06-28 14:59:51.212,0,[],0
1306,2009-06-28 21:28:53.673,0,[],0
1307,2009-06-29 00:42:52.588,0,[],0
1308,2009-06-29 07:15:49.370,0,[],0
1309,2009-06-29 10:32:19.769,1,"[{'lat': 34.164, 'long': 25.471, 'Time': Timestamp('2009-07-01 09:30:10'), 'mag': 6.4}]",1
1310,2009-06-29 13:51:23.942,0,[],0
1311,2009-06-29 17:07:53.995,0,[],0
1312,2009-06-29 20:21:54.049,0,[],0
1313,2009-06-29 23:35:23.101,0,[],0
1314,2009-06-30 07:46:18.771,0,[],0
1315,2009-06-30 11:02:53.289,1,"[{'lat': -11.633, 'long': -14.159, 'Time': Timestamp('2009-07-02 03:20:49'), 'mag': 5.4}]",1
1316,2009-06-30 14:21:24.638,0,[],0
1317,2009-06-30 17:37:23.396,0,[],0
1318,2009-07-01 06:37:58.665,0,[],0
1319,2009-07-01 09:53:50.981,0,[],0
1320,2009-07-01 13:12:53.937,0,[],0
1321,2009-07-02 05:29:55.615,0,[],0
1322,2009-07-02 08:44:51.572,0,[],0
1323,2009-07-02 12:03:53.311,0,[],0
1324,2009-07-02 15:21:53.890,0,[],0
1325,2009-07-02 18:37:19.301,0,[],0
1326,2009-07-02 21:50:51.663,0,[],0
1327,2009-07-03 01:04:51.058,0,[],0
1328,2009-07-03 05:59:55.904,0,[],0
1329,2009-07-03 09:15:23.412,0,[],0
1330,2009-07-03 12:34:23.712,0,[],0
1331,2009-07-03 15:51:49.760,0,[],0
1332,2009-07-03 19:06:51.253,0,[],0
1333,2009-07-03 22:20:23.873,0,[],0
1334,2009-07-04 01:34:50.800,1,"[{'lat': -2.516, 'long': 127.372, 'Time': Timestamp('2009-07-04 09:42:16'), 'mag': 5.0}]",1
1335,2009-07-04 06:29:52.086,0,[],0
1336,2009-07-04 09:45:52.486,0,[],0
1337,2009-07-04 13:04:53.114,0,[],0
1338,2009-07-04 16:22:23.168,1,"[{'lat': 12.85, 'long': -88.497, 'Time': Timestamp('2009-07-05 10:35:50'), 'mag': 5.0}]",1
1339,2009-07-04 19:36:53.220,0,[],0
1340,2009-07-04 22:50:23.273,0,[],0
1341,2009-07-05 02:04:50.860,1,"[{'lat': 24.874, 'long': 128.03, 'Time': Timestamp('2009-07-06 22:35:04'), 'mag': 5.7}]",1
1342,2009-07-05 05:21:55.791,0,[],0
1343,2009-07-05 08:36:50.420,0,[],0
1344,2009-07-05 11:55:53.488,0,[],0
1345,2009-07-05 15:14:21.299,0,[],0
1346,2009-07-05 21:43:20.513,0,[],0
1347,2009-07-06 00:57:21.235,1,"[{'lat': 50.435, 'long': 176.992, 'Time': Timestamp('2009-07-06 14:53:12'), 'mag': 6.1}]",1
1348,2009-07-06 05:52:26.081,0,[],0
1349,2009-07-06 09:07:20.821,0,[],0
1350,2009-07-06 12:26:53.890,0,[],0
1351,2009-07-06 15:44:24.032,0,[],0
1352,2009-07-06 18:59:19.990,0,[],0
1353,2009-07-07 04:44:32.085,0,[],0
1354,2009-07-07 08:00:47.418,0,[],0
1355,2009-07-07 11:17:23.263,0,[],0
1356,2009-07-07 14:36:19.300,1,"[{'lat': -29.364, 'long': -71.126, 'Time': Timestamp('2009-07-07 16:46:15'), 'mag': 5.4}]",1
1357,2009-07-07 17:51:53.371,0,[],0
1358,2009-07-07 21:05:53.424,0,[],0
1359,2009-07-08 00:19:48.243,0,[],0
1360,2009-07-08 06:52:20.448,0,[],0
1361,2009-07-08 10:08:24.832,0,[],0
1362,2009-07-08 13:27:23.692,0,[],0
1363,2009-07-08 23:12:23.852,0,[],0
1364,2009-07-09 07:22:53.618,0,[],0
1365,2009-07-09 10:38:51.137,0,[],0
1366,2009-07-09 13:57:51.285,0,[],0
1367,2009-07-09 17:14:23.147,0,[],0
1368,2009-07-09 20:28:23.199,0,[],0
1369,2009-07-09 23:42:23.253,0,[],0
1370,2009-07-10 07:52:44.827,0,[],0
1371,2009-07-10 11:09:53.728,0,[],0
1372,2009-07-10 14:28:20.981,0,[],0
1373,2009-07-10 17:44:23.835,1,"[{'lat': 22.191, 'long': -108.295, 'Time': Timestamp('2009-07-11 15:34:15'), 'mag': 5.1}]",1
1374,2009-07-11 01:49:21.502,0,[],0
1375,2009-07-11 06:44:53.692,0,[],0
1376,2009-07-11 10:00:21.528,0,[],0
1377,2009-07-11 13:19:53.156,0,[],0
1378,2009-07-11 16:36:23.209,0,[],0
1379,2009-07-11 19:50:53.263,0,[],0
1380,2009-07-11 23:04:53.316,0,[],0
1381,2009-07-12 08:51:50.462,0,[],0
1382,2009-07-12 12:10:53.531,0,[],0
1383,2009-07-12 15:28:48.685,0,[],0
1384,2009-07-12 18:43:48.191,1,"[{'lat': -53.174, 'long': -118.414, 'Time': Timestamp('2009-07-13 22:31:56'), 'mag': 5.2}]",1
1385,2009-07-12 21:57:23.211,0,[],0
1386,2009-07-13 01:11:20.730,0,[],0
1387,2009-07-13 06:06:54.673,0,[],0
1388,2009-07-13 09:22:20.975,0,[],0
1389,2009-07-13 12:41:23.931,0,[],0
1390,2009-07-13 15:58:52.189,1,"[{'lat': -21.822, 'long': -67.087, 'Time': Timestamp('2009-07-14 18:38:08'), 'mag': 5.7}, {'lat': -20.353, 'long': -68.927, 'Time': Timestamp('2009-07-15 15:21:27'), 'mag': 5.3}]",2
1391,2009-07-13 19:13:24.038,0,[],0
1392,2009-07-13 22:27:23.091,0,[],0
1393,2009-07-14 06:36:58.281,0,[],0
1394,2009-07-14 09:52:50.377,0,[],0
1395,2009-07-14 13:11:53.333,0,[],0
1396,2009-07-14 16:28:53.386,0,[],0
1397,2009-07-14 19:43:23.440,0,[],0
1398,2009-07-14 22:56:53.493,1,"[{'lat': 51.321, 'long': -178.279, 'Time': Timestamp('2009-07-15 04:04:34'), 'mag': 5.1}]",1
1399,2009-07-15 08:43:50.640,0,[],0
1400,2009-07-15 12:02:53.869,0,[],0
1401,2009-07-15 15:20:54.447,0,[],0
1402,2009-07-15 18:35:44.980,0,[],0
1403,2009-07-15 21:49:48.125,0,[],0
1404,2009-07-16 01:03:42.423,0,[],0
1405,2009-07-16 07:37:25.700,0,[],0
1406,2009-07-16 20:42:53.403,0,[],0
1407,2009-07-16 23:56:23.457,1,"[{'lat': -45.429, 'long': 166.535, 'Time': Timestamp('2009-07-17 06:39:23'), 'mag': 5.2}, {'lat': -46.388, 'long': 165.691, 'Time': Timestamp('2009-07-17 16:40:03'), 'mag': 5.1}, {'lat': -45.568, 'long': 166.647, 'Time': Timestamp('2009-07-18 15:33:46'), 'mag': 5.1}]",3
1408,2009-07-17 08:07:19.127,0,[],0
1409,2009-07-17 11:24:23.644,0,[],0
1410,2009-07-17 14:42:48.576,1,"[{'lat': 34.211, 'long': -37.353, 'Time': Timestamp('2009-07-18 02:41:28'), 'mag': 5.0}]",1
1411,2009-07-17 17:58:23.752,0,[],0
1412,2009-07-17 22:49:23.831,0,[],0
1413,2009-07-18 08:35:50.978,0,[],0
1414,2009-07-18 11:54:54.045,0,[],0
1415,2009-07-18 15:12:52.184,0,[],0
1416,2009-07-18 18:28:20.363,0,[],0
1417,2009-07-18 21:41:48.741,0,[],0
1418,2009-07-19 00:55:48.024,0,[],0
1419,2009-07-19 05:50:58.406,0,[],0
1420,2009-07-19 09:06:21.707,0,[],0
1421,2009-07-19 12:25:23.447,0,[],0
1422,2009-07-19 22:11:53.607,0,[],0
1423,2009-07-20 01:25:50.535,1,"[{'lat': -6.51, 'long': 155.01, 'Time': Timestamp('2009-07-21 17:14:06'), 'mag': 5.0}]",1
1424,2009-07-20 06:21:26.620,0,[],0
1425,2009-07-20 09:36:50.781,0,[],0
1426,2009-07-20 12:55:53.848,0,[],0
1427,2009-07-20 16:13:23.902,0,[],0
1428,2009-07-20 19:27:54.268,0,[],0
1429,2009-07-20 22:41:24.008,0,[],0
1430,2009-07-21 08:29:54.363,1,"[{'lat': 26.77, 'long': 55.79, 'Time': Timestamp('2009-07-22 03:53:03'), 'mag': 5.3}]",1
1431,2009-07-21 11:46:53.223,0,[],0
1432,2009-07-21 15:05:22.362,0,[],0
1433,2009-07-21 18:20:20.540,0,[],0
1434,2009-07-22 07:21:19.079,0,[],0
1435,2009-07-22 10:37:50.921,0,[],0
1436,2009-07-22 13:56:54.837,0,[],0
1437,2009-07-23 06:13:20.565,0,[],0
1438,2009-07-23 09:28:50.183,0,[],0
1439,2009-07-23 12:48:23.251,0,[],0
1440,2009-07-23 16:05:23.305,0,[],0
1441,2009-07-23 19:19:53.358,0,[],0
1442,2009-07-23 22:33:53.411,1,"[{'lat': 59.2961, 'long': -143.6646, 'Time': Timestamp('2009-07-25 01:43:40'), 'mag': 5.6}]",1
1443,2009-07-24 06:43:24.516,0,[],0
1444,2009-07-24 09:59:20.585,0,[],0
1445,2009-07-24 13:18:23.653,0,[],0
1446,2009-07-24 16:35:19.588,0,[],0
1447,2009-07-24 19:49:53.759,0,[],0
1448,2009-07-25 00:40:53.839,0,[],0
1449,2009-07-25 05:35:26.330,0,[],0
1450,2009-07-25 08:50:23.615,0,[],0
1451,2009-07-25 12:09:54.027,0,[],0
1452,2009-07-25 15:27:22.277,0,[],0
1453,2009-07-25 18:42:51.783,0,[],0
1454,2009-07-25 21:56:21.379,0,[],0
1455,2009-07-26 01:10:24.210,0,[],0
1456,2009-07-26 06:05:23.287,0,[],0
1457,2009-07-26 09:20:51.688,0,[],0
1458,2009-07-26 12:40:23.428,0,[],0
1459,2009-07-26 22:26:23.588,0,[],0
1460,2009-07-27 01:40:17.302,1,"[{'lat': -5.497, 'long': 151.77, 'Time': Timestamp('2009-07-27 11:08:19'), 'mag': 5.0}, {'lat': -5.524, 'long': 151.741, 'Time': Timestamp('2009-07-27 12:34:19'), 'mag': 5.3}]",2
1461,2009-07-27 04:57:27.311,0,[],0
1462,2009-07-27 08:12:19.284,0,[],0
1463,2009-07-27 11:31:23.802,0,[],0
1464,2009-07-27 14:49:22.829,0,[],0
1465,2009-07-27 18:05:23.888,0,[],0
1466,2009-07-27 21:18:53.962,0,[],0
1467,2009-07-28 00:32:51.337,1,"[{'lat': -10.796, 'long': 164.946, 'Time': Timestamp('2009-07-29 09:09:57'), 'mag': 5.0}]",1
1468,2009-07-28 07:05:52.754,0,[],0
1469,2009-07-28 10:22:21.602,0,[],0
1470,2009-07-28 13:41:23.230,0,[],0
1471,2009-07-28 16:57:51.934,0,[],0
1472,2009-07-28 20:11:53.337,0,[],0
1473,2009-07-28 23:25:53.390,0,[],0
1474,2009-07-29 07:36:27.252,0,[],0
1475,2009-07-29 10:52:53.443,0,[],0
1476,2009-07-30 08:06:20.901,0,[],0
1477,2009-07-30 11:23:19.443,0,[],0
1478,2009-07-30 14:41:56.361,0,[],0
1479,2009-07-30 17:57:15.567,0,[],0
1480,2009-07-30 21:11:23.398,0,[],0
1481,2009-07-31 00:25:18.217,0,[],0
1482,2009-07-31 05:19:55.943,0,[],0
1483,2009-07-31 08:34:53.585,0,[],0
1484,2009-07-31 11:53:53.640,0,[],0
1485,2009-07-31 15:11:55.546,0,[],0
1486,2009-07-31 18:27:20.956,0,[],0
1487,2009-08-01 09:05:22.301,0,[],0
1488,2009-08-01 12:24:24.041,0,[],0
1489,2009-08-01 15:42:23.095,0,[],0
1490,2009-08-01 18:56:53.148,0,[],0
1491,2009-08-01 22:10:51.281,0,[],0
1492,2009-08-02 01:24:50.129,0,[],0
1493,2009-08-02 06:20:26.214,0,[],0
1494,2009-08-02 09:35:50.374,0,[],0
1495,2009-08-02 12:54:53.442,0,[],0
1496,2009-08-02 22:40:23.602,1,"[{'lat': -17.656, 'long': 167.615, 'Time': Timestamp('2009-08-04 17:57:36'), 'mag': 5.3}]",1
1497,2009-08-03 08:28:56.642,0,[],0
1498,2009-08-03 11:45:53.816,0,[],0
1499,2009-08-03 15:04:23.870,1,"[{'lat': -14.301, 'long': -75.489, 'Time': Timestamp('2009-08-03 20:10:17'), 'mag': 5.3}]",1
1500,2009-08-03 18:19:21.133,0,[],0
1501,2009-08-03 21:33:24.936,0,[],0
1502,2009-08-04 00:47:24.030,0,[],0
1503,2009-08-04 05:42:25.990,0,[],0
1504,2009-08-04 08:57:21.478,0,[],0
1505,2009-08-04 12:16:23.217,0,[],0
1506,2009-08-04 15:34:23.271,0,[],0
1507,2009-08-04 18:49:20.758,1,"[{'lat': 8.208, 'long': -103.273, 'Time': Timestamp('2009-08-05 14:20:30'), 'mag': 5.0}]",1
1508,2009-08-04 22:02:51.570,1,"[{'lat': -45.554, 'long': 166.356, 'Time': Timestamp('2009-08-05 08:31:40'), 'mag': 6.1}]",1
1509,2009-08-05 01:17:20.306,0,[],0
1510,2009-08-05 11:07:23.788,0,[],0
1511,2009-08-05 14:26:23.843,0,[],0
1512,2009-08-05 20:54:53.470,0,[],0
1513,2009-08-06 00:09:54.002,0,[],0
1514,2009-08-06 06:42:25.988,0,[],0
1515,2009-08-06 09:58:20.149,0,[],0
1516,2009-08-06 13:17:23.217,0,[],0
1517,2009-08-06 16:34:19.152,0,[],0
1518,2009-08-06 19:48:55.289,0,[],0
1519,2009-08-06 23:02:19.694,0,[],0
1520,2009-08-07 07:12:52.595,0,[],0
1521,2009-08-07 10:28:52.649,0,[],0
1522,2009-08-07 13:47:53.618,0,[],0
1523,2009-08-07 17:04:23.650,0,[],0
1524,2009-08-07 20:18:23.725,0,[],0
1525,2009-08-07 23:32:23.778,1,"[{'lat': -22.66, 'long': 179.112, 'Time': Timestamp('2009-08-08 21:53:05'), 'mag': 5.5}]",1
1526,2009-08-08 12:39:23.993,0,[],0
1527,2009-08-08 15:56:54.046,0,[],0
1528,2009-08-08 19:11:23.100,0,[],0
1529,2009-08-08 22:25:23.153,0,[],0
1530,2009-08-09 01:39:20.081,0,[],0
1531,2009-08-09 06:34:56.166,0,[],0
1532,2009-08-09 09:50:24.423,0,[],0
1533,2009-08-09 13:09:53.394,0,[],0
1534,2009-08-09 16:26:53.447,0,[],0
1535,2009-08-09 19:41:23.501,0,[],0
1536,2009-08-09 22:54:53.553,0,[],0
1537,2009-08-10 07:04:56.567,0,[],0
1538,2009-08-10 10:21:22.167,0,[],0
1539,2009-08-10 13:40:23.796,0,[],0
1540,2009-08-10 16:56:52.499,0,[],0
1541,2009-08-10 20:10:53.902,0,[],0
1542,2009-08-10 23:24:53.955,0,[],0
1543,2009-08-11 07:35:25.968,0,[],0
1544,2009-08-11 10:51:53.232,1,"[{'lat': -57.66, 'long': -25.25, 'Time': Timestamp('2009-08-12 14:50:14'), 'mag': 5.5}]",1
1545,2009-08-11 14:10:23.197,1,"[{'lat': -27.893, 'long': -66.672, 'Time': Timestamp('2009-08-12 18:00:52'), 'mag': 5.5}]",1
1546,2009-08-11 17:26:53.228,1,"[{'lat': 7.948, 'long': -85.633, 'Time': Timestamp('2009-08-13 09:37:35'), 'mag': 5.8}]",1
1547,2009-08-11 20:37:54.720,0,[],0
1548,2009-08-11 23:54:23.356,0,[],0
1549,2009-08-12 08:05:26.369,0,[],0
1550,2009-08-12 11:22:23.775,0,[],0
1551,2009-08-12 14:40:53.830,0,[],0
1552,2009-08-12 17:56:21.093,0,[],0
1553,2009-08-12 21:09:26.224,0,[],0
1554,2009-08-13 00:24:23.989,0,[],0
1555,2009-08-13 05:18:56.949,1,"[{'lat': 4.603, 'long': 96.625, 'Time': Timestamp('2009-08-15 04:04:32'), 'mag': 5.0}]",1
1556,2009-08-13 08:33:53.122,0,[],0
1557,2009-08-13 11:52:53.177,0,[],0
1558,2009-08-13 15:10:53.231,0,[],0
1559,2009-08-13 18:26:20.494,0,[],0
1560,2009-08-13 21:38:52.857,0,[],0
1561,2009-08-14 00:53:50.265,0,[],0
1562,2009-08-14 05:48:56.350,1,"[{'lat': 13.961, 'long': 93.023, 'Time': Timestamp('2009-08-14 19:39:49'), 'mag': 5.0}]",1
1563,2009-08-14 09:04:25.488,0,[],0
1564,2009-08-14 12:23:21.670,0,[],0
1565,2009-08-14 15:41:21.835,0,[],0
1566,2009-08-14 18:55:50.449,0,[],0
1567,2009-08-14 22:09:47.723,0,[],0
1568,2009-08-15 01:23:50.666,0,[],0
1569,2009-08-15 06:19:26.751,0,[],0
1570,2009-08-15 09:34:55.008,0,[],0
1571,2009-08-15 12:53:53.979,0,[],0
1572,2009-08-15 16:11:24.034,0,[],0
1573,2009-08-15 19:25:53.086,0,[],0
1574,2009-08-15 22:39:23.140,0,[],0
1575,2009-08-16 06:49:26.152,0,[],0
1576,2009-08-16 10:05:23.081,0,[],0
1577,2009-08-16 13:24:23.381,0,[],0
1578,2009-08-16 16:41:17.988,0,[],0
1579,2009-08-16 19:55:23.488,0,[],0
1580,2009-08-16 23:09:23.541,1,"[{'lat': -26.064, 'long': -178.391, 'Time': Timestamp('2009-08-18 21:20:47'), 'mag': 6.3}]",1
1581,2009-08-17 07:19:26.554,0,[],0
1582,2009-08-17 15:33:23.809,0,[],0
1583,2009-08-17 18:48:21.296,0,[],0
1584,2009-08-17 22:01:52.107,0,[],0
1585,2009-08-18 01:16:20.843,1,"[{'lat': -6.633, 'long': 154.568, 'Time': Timestamp('2009-08-18 17:59:13'), 'mag': 5.6}]",1
1586,2009-08-18 06:11:26.928,0,[],0
1587,2009-08-18 09:26:54.185,0,[],0
1588,2009-08-18 12:45:53.156,0,[],0
1589,2009-08-18 16:03:23.211,0,[],0
1590,2009-08-18 19:18:23.264,0,[],0
1591,2009-08-19 00:08:53.343,0,[],0
1592,2009-08-19 06:41:26.330,0,[],0
1593,2009-08-19 09:57:20.724,0,[],0
1594,2009-08-19 13:16:23.792,0,[],0
1595,2009-08-19 23:01:23.952,0,[],0
1596,2009-08-20 07:11:55.965,0,[],0
1597,2009-08-20 10:27:48.797,0,[],0
1598,2009-08-20 13:46:53.193,0,[],0
1599,2009-08-20 17:03:23.224,0,[],0
1600,2009-08-20 20:14:20.732,0,[],0
1601,2009-08-20 23:31:23.352,0,[],0
1602,2009-08-21 07:41:56.366,0,[],0
1603,2009-08-21 10:58:20.973,0,[],0
1604,2009-08-21 14:17:19.030,0,[],0
1605,2009-08-21 17:33:19.084,0,[],0
1606,2009-08-21 20:44:17.361,0,[],0
1607,2009-08-22 00:01:25.718,0,[],0
1608,2009-08-22 03:17:54.444,1,"[{'lat': 2.483, 'long': 127.077, 'Time': Timestamp('2009-08-23 11:44:30'), 'mag': 5.5}, {'lat': -1.649, 'long': 99.572, 'Time': Timestamp('2009-08-23 17:38:23'), 'mag': 5.4}]",2
1609,2009-08-22 06:33:56.741,0,[],0
1610,2009-08-22 09:49:24.997,0,[],0
1611,2009-08-22 13:08:53.968,0,[],0
1612,2009-08-22 16:25:54.023,0,[],0
1613,2009-08-22 19:40:24.076,0,[],0
1614,2009-08-22 22:53:53.129,0,[],0
1615,2009-08-23 07:03:56.142,0,[],0
1616,2009-08-23 10:20:21.742,0,[],0
1617,2009-08-23 13:39:23.370,0,[],0
1618,2009-08-23 23:23:53.529,0,[],0
1619,2009-08-24 07:34:26.543,0,[],0
1620,2009-08-24 10:50:53.807,0,[],0
1621,2009-08-24 14:09:23.771,0,[],0
1622,2009-08-24 17:25:53.802,1,"[{'lat': -9.25, 'long': -108.75, 'Time': Timestamp('2009-08-26 03:57:20'), 'mag': 5.1}]",1
1623,2009-08-24 20:36:55.294,0,[],0
1624,2009-08-24 23:53:23.931,1,"[{'lat': -46.209, 'long': 166.138, 'Time': Timestamp('2009-08-25 04:57:24'), 'mag': 5.2}]",1
1625,2009-08-25 09:41:50.078,0,[],0
1626,2009-08-25 13:00:53.146,0,[],0
1627,2009-08-25 16:17:53.199,0,[],0
1628,2009-08-25 19:32:23.252,0,[],0
1629,2009-08-26 06:56:26.318,0,[],0
1630,2009-08-26 10:12:19.387,0,[],0
1631,2009-08-26 13:31:23.783,0,[],0
1632,2009-08-26 23:15:53.943,1,"[{'lat': -10.229, 'long': 161.451, 'Time': Timestamp('2009-08-27 05:05:27'), 'mag': 5.0}]",1
1633,2009-08-27 09:03:21.417,0,[],0
1634,2009-08-27 12:22:23.157,0,[],0
1635,2009-08-27 15:40:23.211,0,[],0
1636,2009-08-27 18:55:23.264,0,[],0
1637,2009-08-28 07:56:51.781,1,"[{'lat': 12.92, 'long': 57.6, 'Time': Timestamp('2009-08-29 13:59:06'), 'mag': 5.3}]",1
1638,2009-08-28 11:13:23.531,0,[],0
1639,2009-08-28 14:31:53.586,0,[],0
1640,2009-08-28 17:47:48.851,0,[],0
1641,2009-08-28 21:01:44.908,1,"[{'lat': 43.885, 'long': -128.679, 'Time': Timestamp('2009-08-29 10:11:14'), 'mag': 5.1}]",1
1642,2009-08-29 00:15:21.390,0,[],0
1643,2009-08-29 05:10:24.239,0,[],0
1644,2009-08-29 08:26:55.286,0,[],0
1645,2009-08-29 11:43:53.932,0,[],0
1646,2009-08-29 15:02:23.986,0,[],0
1647,2009-08-29 18:17:49.922,1,"[{'lat': 14.567, 'long': -93.574, 'Time': Timestamp('2009-08-30 09:19:43'), 'mag': 5.1}]",1
1648,2009-08-29 21:31:24.053,0,[],0
1649,2009-08-30 00:45:23.146,0,[],0
1650,2009-08-30 05:40:26.106,0,[],0
1651,2009-08-30 13:53:53.361,0,[],0
1652,2009-08-30 23:37:53.520,0,[],0
1653,2009-08-31 07:48:53.287,0,[],0
1654,2009-08-31 11:05:23.708,0,[],0
1655,2009-08-31 14:24:23.763,0,[],0
1656,2009-08-31 17:40:23.793,0,[],0
1657,2009-08-31 20:53:46.637,0,[],0
1658,2009-09-01 00:07:53.922,0,[],0
1659,2009-09-01 08:17:23.799,0,[],0
1660,2009-09-01 11:36:23.110,0,[],0
1661,2009-09-01 14:54:23.164,0,[],0
1662,2009-09-01 18:09:50.426,0,[],0
1663,2009-09-01 21:23:52.902,1,"[{'lat': -22.053, 'long': -174.639, 'Time': Timestamp('2009-09-02 23:27:15'), 'mag': 5.0}]",1
1664,2009-09-02 00:37:53.323,0,[],0
1665,2009-09-02 07:10:53.062,0,[],0
1666,2009-09-02 10:26:49.379,0,[],0
1667,2009-09-02 13:45:53.775,0,[],0
1668,2009-09-02 23:30:23.935,0,[],0
1669,2009-09-03 07:40:53.701,0,[],0
1670,2009-09-03 10:57:53.122,0,[],0
1671,2009-09-03 14:16:23.177,0,[],0
1672,2009-09-03 17:32:23.208,0,[],0
1673,2009-09-03 20:46:18.596,0,[],0
1674,2009-09-04 00:00:23.336,0,[],0
1675,2009-09-04 06:32:56.323,0,[],0
1676,2009-09-04 09:48:53.251,0,[],0
1677,2009-09-04 13:07:53.551,0,[],0
1678,2009-09-04 16:24:53.605,0,[],0
1679,2009-09-04 19:39:23.658,0,[],0
1680,2009-09-04 22:52:53.710,0,[],0
1681,2009-09-05 08:39:53.871,0,[],0
1682,2009-09-05 11:58:53.925,0,[],0
1683,2009-09-05 15:16:53.979,0,[],0
1684,2009-09-05 18:32:21.242,0,[],0
1685,2009-09-05 21:45:54.045,0,[],0
1686,2009-09-06 00:59:54.109,0,[],0
1687,2009-09-06 05:54:56.098,0,[],0
1688,2009-09-06 09:10:21.587,0,[],0
1689,2009-09-06 12:29:23.326,0,[],0
1690,2009-09-06 15:46:53.380,0,[],0
1691,2009-09-06 19:01:53.433,0,[],0
1692,2009-09-06 22:15:20.239,0,[],0
1693,2009-09-07 01:29:50.414,1,"[{'lat': 3.181, 'long': 126.932, 'Time': Timestamp('2009-09-07 03:58:07'), 'mag': 5.0}]",1
1694,2009-09-07 06:24:55.796,0,[],0
1695,2009-09-07 09:40:50.660,0,[],0
1696,2009-09-16 10:56:53.581,0,[],0
1697,2009-09-16 14:15:23.513,0,[],0
1698,2009-09-16 20:45:23.876,0,[],0
1699,2009-09-16 23:59:23.929,0,[],0
1700,2009-09-17 04:54:02.938,0,[],0
1701,2009-09-17 08:10:20.269,0,[],0
1702,2009-09-17 11:27:23.116,0,[],0
1703,2009-09-17 14:45:52.144,0,[],0
1704,2009-09-17 18:01:20.434,0,[],0
1705,2009-09-17 21:15:23.277,0,[],0
1706,2009-09-18 00:29:20.651,0,[],0
1707,2009-09-18 05:23:55.822,0,[],0
1708,2009-09-18 08:38:51.779,0,[],0
1709,2009-09-18 11:57:53.518,0,[],0
1710,2009-09-18 15:15:55.425,0,[],0
1711,2009-09-18 18:31:20.835,0,[],0
1712,2009-09-18 21:44:50.543,0,[],0
1713,2009-09-19 00:58:53.598,0,[],0
1714,2009-09-19 05:53:56.111,0,[],0
1715,2009-09-19 09:09:23.619,0,[],0
1716,2009-09-19 12:28:23.919,0,[],0
1717,2009-09-19 15:46:22.735,0,[],0
1718,2009-09-19 19:00:48.692,0,[],0
1719,2009-09-19 22:14:54.079,0,[],0
1720,2009-09-20 01:28:51.447,0,[],0
1721,2009-09-20 06:24:24.062,0,[],0
1722,2009-09-20 09:39:51.692,0,[],0
1723,2009-09-20 14:37:49.553,0,[],0
1724,2009-09-20 21:07:23.454,0,[],0
1725,2009-09-21 00:21:15.505,1,"[{'lat': 51.432, 'long': -178.12, 'Time': Timestamp('2009-09-22 10:45:25'), 'mag': 5.2}, {'lat': -3.775, 'long': 141.958, 'Time': Timestamp('2009-09-22 04:38:11'), 'mag': 5.6}]",2
1726,2009-09-21 06:54:26.906,0,[],0
1727,2009-09-21 10:10:24.862,0,[],0
1728,2009-09-21 13:29:23.722,0,[],0
1729,2009-09-21 16:46:22.425,0,[],0
1730,2009-09-22 00:51:22.769,0,[],0
1731,2009-09-22 05:46:24.960,0,[],0
1732,2009-09-22 09:01:21.028,0,[],0
1733,2009-09-22 12:20:53.096,0,[],0
1734,2009-09-22 15:38:23.240,0,[],0
1735,2009-09-22 18:53:23.203,0,[],0
1736,2009-09-22 22:06:53.256,0,[],0
1737,2009-09-23 01:21:20.296,0,[],0
1738,2009-09-23 06:16:25.566,0,[],0
1739,2009-09-23 14:30:21.191,0,[],0
1740,2009-09-23 20:59:53.876,0,[],0
1741,2009-09-24 00:13:48.695,0,[],0
1742,2009-09-24 05:08:23.529,0,[],0
1743,2009-09-24 08:23:22.377,0,[],0
1744,2009-09-24 11:42:23.117,0,[],0
1745,2009-09-24 15:00:23.583,0,[],0
1746,2009-09-24 18:15:50.433,0,[],0
1747,2009-09-24 21:29:53.277,0,[],0
1748,2009-09-25 00:43:50.864,0,[],0
1749,2009-09-25 05:38:24.382,1,"[{'lat': -29.557, 'long': 60.852, 'Time': Timestamp('2009-09-26 04:22:27'), 'mag': 5.2}]",1
1750,2009-09-25 08:53:50.450,0,[],0
1751,2009-09-25 12:12:53.518,0,[],0
1752,2009-09-25 15:30:50.112,1,"[{'lat': -40.926, 'long': -91.622, 'Time': Timestamp('2009-09-26 13:46:13'), 'mag': 5.0}]",1
1753,2009-09-25 18:45:52.275,0,[],0
1754,2009-09-25 21:59:20.431,0,[],0
1755,2009-09-26 01:13:22.045,0,[],0
1756,2009-09-26 06:08:54.660,0,[],0
1757,2009-09-26 09:24:20.963,1,"[{'lat': -7.533, 'long': 30.452, 'Time': Timestamp('2009-09-26 13:26:37'), 'mag': 5.2}]",1
1758,2009-09-26 12:43:23.919,0,[],0
1759,2009-09-26 16:00:53.973,0,[],0
1760,2009-09-26 19:15:24.026,0,[],0
1761,2009-09-26 22:29:24.079,0,[],0
1762,2009-09-27 06:38:47.421,0,[],0
1763,2009-09-27 09:54:54.461,0,[],0
1764,2009-09-27 13:13:53.321,0,[],0
1765,2009-09-27 22:58:53.480,0,[],0
1766,2009-09-28 08:45:50.627,0,[],0
1767,2009-09-28 12:04:53.695,0,[],0
1768,2009-09-28 15:22:48.849,0,[],0
1769,2009-09-28 18:37:52.452,0,[],0
1770,2009-09-28 21:51:52.047,0,[],0
1771,2009-09-29 01:05:49.566,0,[],0
1772,2009-09-29 06:00:56.165,0,[],0
1773,2009-09-29 09:16:22.468,0,[],0
1774,2009-09-29 12:35:23.096,0,[],0
1775,2009-09-29 15:52:52.681,0,[],0
1776,2009-09-29 19:07:53.203,0,[],0
1777,2009-09-29 22:21:23.256,1,"[{'lat': -23.031, 'long': 169.561, 'Time': Timestamp('2009-09-30 17:20:40'), 'mag': 5.5}, {'lat': -23.03, 'long': 169.576, 'Time': Timestamp('2009-09-30 17:30:27'), 'mag': 5.2}]",2
1778,2009-09-30 01:35:50.731,1,"[{'lat': -6.215, 'long': 151.412, 'Time': Timestamp('2009-09-30 12:47:59'), 'mag': 5.3}, {'lat': 4.919, 'long': 126.711, 'Time': Timestamp('2009-09-30 01:39:41'), 'mag': 5.5}, {'lat': 4.235, 'long': 127.494, 'Time': Timestamp('2009-10-01 01:31:04'), 'mag': 5.0}]",3
1779,2009-09-30 06:30:48.814,0,[],0
1780,2009-09-30 09:46:52.114,1,"[{'lat': -52.343, 'long': 13.606, 'Time': Timestamp('2009-10-02 06:31:15'), 'mag': 5.0}]",1
1781,2009-09-30 13:05:53.742,0,[],0
1782,2009-09-30 22:51:23.901,1,"[{'lat': -15.435, 'long': -172.253, 'Time': Timestamp('2009-10-02 02:13:56'), 'mag': 5.3}]",1
